{"type":"FeatureCollection","features":[{"type":"Feature","properties":{"name":"Greenpoint","borough":"Brooklyn"},"geometry":{"type":"Polygon","coordinates":[[[-73.9321354000605,40.7281678654325],[-73.9373940406488,40.7243406167606],[-73.94721484748,40.7185692457085],[-73.9484178151415,40.7184637926502],[-73.949079597717,40.7225485475074],[-73.950647373334,40.7217139538707],[-73.9516477533936,40.7234941178841],[-73.9547780608445,40.7224677647573],[-73.9581443567555,40.7244125452573],[-73.9579523959962,40.7250446996518],[-73.9584275524772,40.7254087963703],[-73.9601264059093,40.7253278976023],[-73.960286884109,40.7259563824907],[-73.9616166227862,40.7258738235913],[-73.9610183157737,40.7287127011962],[-73.9614298716537,40.7309546546321],[-73.9622648392943,40.7329238134993],[-73.9622866381671,40.7340559574711],[-73.9598307466715,40.7370691639091],[-73.9576355306497,40.7385463814036],[-73.9569314630265,40.7388953363042],[-73.9547645738998,40.7391317984086],[-73.9529249903368,40.7389432057776],[-73.9465249594716,40.7369351166688],[-73.947201264716,40.7353634409958],[-73.9470667600979,40.7344102555189],[-73.9465994978703,40.7344504870712],[-73.9467405116221,40.7352909572272],[-73.9462489137577,40.7361744288034],[-73.9458745362935,40.7361100948351],[-73.9455719151708,40.736620567598],[-73.9450005193002,40.7364449568833],[-73.9451865022197,40.7354874161569],[-73.9445168514156,40.7362926535479],[-73.9423958649341,40.7354340130113],[-73.9411488960529,40.7341611903957],[-73.939814654679,40.7311609512291],[-73.9381047773973,40.7297367816192],[-73.9349306906215,40.7285521772272],[-73.9321354000605,40.7281678654325]]]}},{"type":"Feature","properties":{"name":"Williamsburg","borough":"Brooklyn"},"geometry":{"type":"Polygon","coordinates":[[[-73.9581443576915,40.724412545132],[-73.9547780608445,40.7224677647573],[-73.9516477533936,40.7234941178841],[-73.950647373334,40.7217139538707],[-73.949079597717,40.7225485475074],[-73.9484178151415,40.7184637926502],[-73.94721484748,40.7185692457085],[-73.9511457672558,40.7160427802459],[-73.9534861527576,40.7140784665692],[-73.9493737482991,40.7140751369435],[-73.9486567644182,40.70973324099],[-73.9508763557898,40.7095213728865],[-73.9502383669087,40.7054815035734],[-73.9519119871322,40.7063683359581],[-73.9579057402297,40.7084354307],[-73.9584572000155,40.7072601044255],[-73.963280171633,40.707737555926],[-73.9683847494918,40.7068376299429],[-73.9692943992349,40.707101587665],[-73.969850084218,40.7080112989185],[-73.9699434021974,40.7093103103334],[-73.9696068491253,40.7102791015586],[-73.9700707132925,40.7104647552766],[-73.9696633008624,40.7105079813612],[-73.9697697767731,40.7107972529748],[-73.9693757355593,40.7110289239018],[-73.9699091671355,40.711276379205],[-73.9692363650748,40.7112487993251],[-73.9688739203019,40.7125870015981],[-73.9684437551754,40.712946692635],[-73.968850684139,40.7132208037446],[-73.9672525730981,40.7169949251891],[-73.9663147373847,40.7183248002834],[-73.9651209390892,40.7192351535936],[-73.9654031858484,40.7196288147949],[-73.9652587882916,40.7201583349002],[-73.9650342184703,40.7203853287971],[-73.964480897883,40.7200444475305],[-73.962758088809,40.7224072755943],[-73.9616612773936,40.7248687152844],[-73.9621160499916,40.725156323758],[-73.9611650972689,40.7252728672512],[-73.9581443576915,40.724412545132]]]}},{"type":"Feature","properties":{"name":"South Williamsburg","borough":"Brooklyn"},"geometry":{"type":"Polygon","coordinates":[[[-73.9502383669087,40.7054815035734],[-73.9419322154253,40.7007334909745],[-73.962841070079,40.6980469240302],[-73.9621812139478,40.7002289665779],[-73.9672110551173,40.7042639652394],[-73.9683847494918,40.7068376299429],[-73.963280171633,40.707737555926],[-73.9584572000155,40.7072601044255],[-73.9579057402297,40.7084354307],[-73.9519119871322,40.7063683359581],[-73.9502383669087,40.7054815035734]]]}},{"type":"Feature","properties":{"name":"East Williamsburg","borough":"Brooklyn"},"geometry":{"type":"Polygon","coordinates":[[[-73.9240605186909,40.7141198195078],[-73.922236085583,40.7128642142111],[-73.9215474376544,40.7110515425493],[-73.9207499515694,40.7105419079012],[-73.926090722759,40.7056879589663],[-73.9339523538901,40.7026828501405],[-73.9419322154253,40.7007334909745],[-73.9502383669087,40.7054815035734],[-73.9508763557898,40.7095213728865],[-73.9486567644182,40.70973324099],[-73.9493737482991,40.7140751369435],[-73.9534861527576,40.7140784665692],[-73.9490442458056,40.7174367789993],[-73.9402226638863,40.7228997664531],[-73.9372747147791,40.7244138242063],[-73.9321354000605,40.7281678654325],[-73.9295816318408,40.7276210831928],[-73.928495609926,40.7266228651318],[-73.9278731483298,40.7258623123918],[-73.9277979252406,40.7249339297284],[-73.9256161283722,40.7200699228529],[-73.9248194124001,40.7202733981835],[-73.9245222533069,40.719561827091],[-73.9248655579587,40.7184487057624],[-73.9283807242954,40.7175866278493],[-73.9288810759104,40.7177285786909],[-73.9297068234875,40.7170575392961],[-73.9293214218149,40.7161202685693],[-73.9294749927338,40.7157297122755],[-73.9322074980821,40.71497224034],[-73.931427465733,40.7143906029071],[-73.93124209522,40.7137330700863],[-73.932640477457,40.7130608451902],[-73.9320340545548,40.7115984818297],[-73.9333862713143,40.7112419863839],[-73.9332849183169,40.7109869650446],[-73.93190244324,40.7113467306411],[-73.9309336997282,40.7091735695727],[-73.9303623696998,40.7087259957808],[-73.9315475620786,40.7118636105755],[-73.9307803717532,40.7121686868665],[-73.931611751991,40.7120462810358],[-73.9318439196858,40.7126354969559],[-73.93042436746,40.7131808182956],[-73.9310537436354,40.7146184833051],[-73.930853325912,40.7149112450389],[-73.9284402419827,40.7155392092293],[-73.9289074367029,40.71662721666],[-73.9282339543152,40.7171147137204],[-73.9247304841427,40.7179523114467],[-73.9241042235205,40.7176753974264],[-73.9230564223053,40.7163509242918],[-73.9243147221502,40.7158553164366],[-73.9248869577582,40.7152754478813],[-73.9243373200088,40.7141308529874],[-73.9240605186909,40.7141198195078]]]}},{"type":"Feature","properties":{"name":"Brooklyn Heights","borough":"Brooklyn"},"geometry":{"type":"Polygon","coordinates":[[[-73.9923651118562,40.6896983761262],[-74.0017450663616,40.6924150022586],[-73.9994144688561,40.6963659303653],[-73.9994755121103,40.6967123879372],[-73.9988735170396,40.6969320381136],[-73.9975004272099,40.699647123441],[-73.9971619864501,40.699801066806],[-73.9972460729959,40.7001496641243],[-73.9950473710191,40.7031400946901],[-73.9926134919757,40.7020693842746],[-73.9908759798523,40.7006813718506],[-73.9914349127138,40.6982901138835],[-73.9912855790331,40.6965964640233],[-73.9904461826623,40.6938365046615],[-73.9909733108071,40.6925570543491],[-73.988935004247,40.6920948949282],[-73.9892214770013,40.690974224408],[-73.990476322512,40.6891493268127],[-73.9923651118562,40.6896983761262]]]}},{"type":"Feature","properties":{"name":"Downtown Brooklyn-DUMBO-Boerum Hill","borough":"Brooklyn"},"geometry":{"type":"Polygon","coordinates":[[[-73.9790591089304,40.7059611451044],[-73.9793290635175,40.704754532591],[-73.9802758623638,40.7030496558352],[-73.9800278268214,40.7021487166653],[-73.9809054672656,40.7018696849669],[-73.9804062635035,40.7007072616641],[-73.9805107003604,40.6974545298291],[-73.9801395342015,40.6947183094867],[-73.9791686221392,40.6934965767775],[-73.9825123524842,40.6936148647653],[-73.9825189139605,40.6929856416483],[-73.9817603291038,40.6929634269032],[-73.9817905113974,40.6916531214899],[-73.9820635954969,40.6913203440999],[-73.9813991706797,40.6899369232146],[-73.9835112603446,40.6899304244569],[-73.9808351909845,40.6888720370989],[-73.9780787334083,40.6849231923033],[-73.9796182384205,40.6824995215972],[-73.98828437762,40.6858750373645],[-73.9891298473696,40.6845977045357],[-73.9939307378881,40.6864611233086],[-73.9923651118562,40.6896983761262],[-73.990476322512,40.6891493268127],[-73.9892214770013,40.690974224408],[-73.988935004247,40.6920948949282],[-73.9909733108071,40.6925570543491],[-73.9904461826623,40.6938365046615],[-73.9912855790331,40.6965964640233],[-73.9914349127138,40.6982901138835],[-73.9908759798523,40.7006813718506],[-73.9926134919757,40.7020693842746],[-73.9950473710191,40.7031400946901],[-73.9946643470875,40.7034388640242],[-73.9949968684502,40.7036588192107],[-73.9947775870515,40.7042541166733],[-73.9921284789269,40.7046978968292],[-73.9918630353478,40.7040948977963],[-73.9909489960062,40.7040406978525],[-73.9902286549428,40.7049422998998],[-73.9883047644284,40.7045487238555],[-73.9882914334837,40.7050789140024],[-73.9879582065225,40.705142472944],[-73.986531171262,40.7049873547249],[-73.9864357393996,40.7053568630464],[-73.9834395024106,40.7056523506376],[-73.98092654227,40.7053775110245],[-73.9809100856959,40.7059162002446],[-73.9790591089304,40.7059611451044]]]}},{"type":"Feature","properties":{"name":"Fort Greene","borough":"Brooklyn"},"geometry":{"type":"Polygon","coordinates":[[[-73.962841070079,40.6980469240302],[-73.9634765851232,40.6968089229562],[-73.9645521386725,40.6961158462091],[-73.9693959355712,40.6960886438273],[-73.9688113310018,40.6931286367482],[-73.9698326195935,40.6931424977877],[-73.9691050592786,40.689475775631],[-73.9701329769252,40.6895145610506],[-73.9686910469566,40.6820135092684],[-73.9774586577227,40.684060539379],[-73.9808351909845,40.6888720370989],[-73.9835112603446,40.6899304244569],[-73.9813991706797,40.6899369232146],[-73.9820635954969,40.6913203440999],[-73.9817905113974,40.6916531214899],[-73.9817603291038,40.6929634269032],[-73.9825189139605,40.6929856416483],[-73.9825123524842,40.6936148647653],[-73.9791686221392,40.6934965767775],[-73.9801395342015,40.6947183094867],[-73.9805456299956,40.6982547673632],[-73.9657761960643,40.6976440353272],[-73.962841070079,40.6980469240302]]]}},{"type":"Feature","properties":{"name":"Clinton Hill","borough":"Brooklyn"},"geometry":{"type":"Polygon","coordinates":[[[-73.961347990234,40.6804717764292],[-73.9686910469566,40.6820135092684],[-73.9701329769252,40.6895145610506],[-73.9691050592786,40.689475775631],[-73.9698326195935,40.6931424977877],[-73.9688113310018,40.6931286367482],[-73.9693959355712,40.6960886438273],[-73.9646625054219,40.6960829216247],[-73.9634765851232,40.6968089229562],[-73.962841070079,40.6980469240302],[-73.9610524389204,40.6983343339581],[-73.9594293454508,40.6904555283652],[-73.9602942476566,40.6903545035161],[-73.9588420502672,40.6830263057333],[-73.9616722957283,40.6826991620315],[-73.961347990234,40.6804717764292]]]}},{"type":"Feature","properties":{"name":"Bedford-Stuyvesant (West)","borough":"Brooklyn"},"geometry":{"type":"Polygon","coordinates":[[[-73.9441427886215,40.6782452121003],[-73.95205381643,40.6786829088733],[-73.961347990234,40.6804717764292],[-73.9616722957283,40.6826991620315],[-73.9588420502672,40.6830263057333],[-73.9602942476566,40.6903545035161],[-73.9594293454508,40.6904555283652],[-73.9610524389204,40.6983343339581],[-73.9443893131165,40.7004327799162],[-73.9403293644524,40.6798982278156],[-73.9439749034006,40.6800963815916],[-73.9441427886215,40.6782452121003]]]}},{"type":"Feature","properties":{"name":"Bedford-Stuyvesant (East)","borough":"Brooklyn"},"geometry":{"type":"Polygon","coordinates":[[[-73.9277833638568,40.6927694336476],[-73.9180474870636,40.6872215022341],[-73.9163026150138,40.6785853657664],[-73.9216488998889,40.6788787997336],[-73.9218168090474,40.6770266427937],[-73.9441427886215,40.6782452121003],[-73.9439749034006,40.6800963815916],[-73.9403293644524,40.6798982278156],[-73.9443893131165,40.7004327799162],[-73.9419322154253,40.7007334909745],[-73.9277833638568,40.6927694336476]]]}},{"type":"Feature","properties":{"name":"Bushwick (West)","borough":"Brooklyn"},"geometry":{"type":"Polygon","coordinates":[[[-73.9114238427911,40.7014948460133],[-73.9140622828907,40.6988464568996],[-73.9163175012935,40.700129648187],[-73.9193221477624,40.6970686532223],[-73.9208253935061,40.6979259145706],[-73.9242502295803,40.6944368670375],[-73.9265012365066,40.6957200444916],[-73.9274990300962,40.6947049265234],[-73.9264827124559,40.6941491511247],[-73.9277833638568,40.6927694336476],[-73.9419322154253,40.7007334909745],[-73.9339523538901,40.7026828501405],[-73.926090722759,40.7056879589663],[-73.9218932676952,40.7094043558929],[-73.9118085171524,40.7034432103918],[-73.9129054584045,40.7023701494135],[-73.9114238427911,40.7014948460133]]]}},{"type":"Feature","properties":{"name":"Bushwick (East)","borough":"Brooklyn"},"geometry":{"type":"Polygon","coordinates":[[[-73.9013998194716,40.6915982479412],[-73.9048840030582,40.6877440620197],[-73.9053405521336,40.6868254900452],[-73.9044954252914,40.6863068552148],[-73.9057568944368,40.6840126732951],[-73.9028111228006,40.6823488330953],[-73.9028590480043,40.6809466981805],[-73.9026240362684,40.6806727576387],[-73.904047811043,40.6792288514034],[-73.9277833638568,40.6927694336476],[-73.9264827124559,40.6941491511247],[-73.9274990300962,40.6947049265234],[-73.9265012365066,40.6957200444916],[-73.9242502295803,40.6944368670375],[-73.9208253935061,40.6979259145706],[-73.9193221477624,40.6970686532223],[-73.9163175012935,40.700129648187],[-73.9140622828907,40.6988464568996],[-73.9114238427911,40.7014948460133],[-73.9106802439872,40.7010542270007],[-73.9118082379389,40.6999551397022],[-73.9042615983524,40.6957086280531],[-73.9057973853843,40.6941354122644],[-73.9013998194716,40.6915982479412]]]}},{"type":"Feature","properties":{"name":"Cypress Hills","borough":"Brooklyn"},"geometry":{"type":"Polygon","coordinates":[[[-73.8663040396387,40.6831949505845],[-73.871562907421,40.6816927119614],[-73.8712011526599,40.6802297183944],[-73.8732770067486,40.6799290075924],[-73.8735887367192,40.6811024349942],[-73.8810641239786,40.6789909415753],[-73.8805070600916,40.6767756011004],[-73.8882572623939,40.675632989683],[-73.8890071056218,40.6785652980534],[-73.8962191470011,40.6773664375645],[-73.8965381755083,40.6786018346881],[-73.9000476738382,40.6769013426056],[-73.904047811043,40.6792288514034],[-73.9026240362684,40.6806727576387],[-73.9002467890235,40.6794310450708],[-73.8974945318656,40.6800820305079],[-73.8968707889581,40.6808897034941],[-73.8965278531015,40.6824115535128],[-73.8941760428287,40.6852915035914],[-73.8925844407826,40.6835001660123],[-73.8901555964606,40.6850122459818],[-73.8889260900816,40.6831334246973],[-73.8881923342104,40.6825642015557],[-73.8726047737506,40.6899293305449],[-73.8680602543487,40.6911922152254],[-73.8663040396387,40.6831949505845]]]}},{"type":"Feature","properties":{"name":"East New York (North)","borough":"Brooklyn"},"geometry":{"type":"Polygon","coordinates":[[[-73.8742327494129,40.6708706503688],[-73.8788728495593,40.6702023666333],[-73.8784908782198,40.6686627928411],[-73.9008527673802,40.6653541457986],[-73.9034756361915,40.6755149364559],[-73.8965381755083,40.6786018346881],[-73.8962191470011,40.6773664375645],[-73.8890071056218,40.6785652980534],[-73.8882572623939,40.675632989683],[-73.8805070600916,40.6767756011004],[-73.8810641239786,40.6789909415753],[-73.8765763566641,40.6801752563573],[-73.8742327494129,40.6708706503688]]]}},{"type":"Feature","properties":{"name":"East New York-New Lots","borough":"Brooklyn"},"geometry":{"type":"Polygon","coordinates":[[[-73.8671820953689,40.6604605030275],[-73.8691569505852,40.6601264676979],[-73.8900072982345,40.651156945997],[-73.8916650117801,40.6526973324691],[-73.8935481791053,40.6552109631202],[-73.8976115419863,40.653462064672],[-73.8958629573872,40.651888775636],[-73.9039834160632,40.6466368145656],[-73.9094498768095,40.6515298475543],[-73.9074017699488,40.652852238233],[-73.9078448766667,40.6545997796664],[-73.9031799947115,40.6553198825586],[-73.9004890829687,40.6571569295339],[-73.8987900031012,40.6574211371797],[-73.8996537434517,40.6607436667905],[-73.9006625976573,40.6605944083525],[-73.9014525575649,40.6636666150783],[-73.9004296847396,40.663816248753],[-73.9008527673802,40.6653541457986],[-73.8784908782198,40.6686627928411],[-73.8788728495593,40.6702023666333],[-73.8742327494129,40.6708706503688],[-73.8738795088259,40.6694555196419],[-73.8671820953689,40.6604605030275]]]}},{"type":"Feature","properties":{"name":"Spring Creek-Starrett City","borough":"Brooklyn"},"geometry":{"type":"MultiPolygon","coordinates":[[[[-73.8882867207546,40.6467306605809],[-73.8886427834629,40.6470878013243],[-73.8885177830308,40.6473689392321],[-73.888201913865,40.64714911677],[-73.8882867207546,40.6467306605809]]],[[[-73.8605421752502,40.6546322477272],[-73.8700983960056,40.6493042352642],[-73.8734264910933,40.6467894785641],[-73.8792179862883,40.6545993333058],[-73.8796400596489,40.6545073420675],[-73.8738617413219,40.6463226531514],[-73.8756914513115,40.6439611889188],[-73.87835216675,40.6388798599586],[-73.8804852722861,40.6409862813097],[-73.8807376401038,40.6415742042716],[-73.8802938848548,40.6414131625868],[-73.8800685449744,40.6420116930397],[-73.8813944665828,40.6423555870125],[-73.882242486168,40.6434617395864],[-73.8821497300134,40.6437519746482],[-73.8834213976591,40.6445320631009],[-73.8848089097465,40.6439545508644],[-73.885579026802,40.6440491969787],[-73.8874358530529,40.6459449297336],[-73.8876421284933,40.6478106379935],[-73.8886377919043,40.6480327404522],[-73.890069208258,40.6493318836514],[-73.8903366990935,40.6493560171615],[-73.890138418152,40.6491786599248],[-73.8903487548452,40.6490418539659],[-73.8912528793915,40.6500338455067],[-73.8895918495241,40.6513457950519],[-73.8684731693276,40.6603031889482],[-73.8671820956826,40.660460502762],[-73.8638627320052,40.6560684658762],[-73.8624461016556,40.6553020522963],[-73.8608699351862,40.6550860565389],[-73.8605421752502,40.6546322477272]]]]}},{"type":"Feature","properties":{"name":"East New York-City Line","borough":"Brooklyn"},"geometry":{"type":"Polygon","coordinates":[[[-73.8633508354175,40.679359896221],[-73.8632843695327,40.6790876264559],[-73.8623472042856,40.6791730409736],[-73.8603865972592,40.6712599643327],[-73.8576346295986,40.6716644475571],[-73.8556860089733,40.6638757449326],[-73.8584309055291,40.6634616133138],[-73.8576167690119,40.6601271844077],[-73.8603063442889,40.6596429063698],[-73.8631722322287,40.6582847636475],[-73.8626991816279,40.6576265601008],[-73.8632776301242,40.6569494657617],[-73.8630337475988,40.6560882646032],[-73.8626425725889,40.6556757877158],[-73.8608699354833,40.6550860568923],[-73.8624461015694,40.6553020519043],[-73.8640434707813,40.6562461002025],[-73.8738795088259,40.6694555196419],[-73.8765763566641,40.6801752563573],[-73.8774494510966,40.6799392544111],[-73.8735887367192,40.6811024349942],[-73.8732770067486,40.6799290075924],[-73.8712011526599,40.6802297183944],[-73.871562907421,40.6816927119614],[-73.8663040396387,40.6831949505845],[-73.8660213331452,40.6819278422682],[-73.8641023671419,40.6823811056886],[-73.8633508354175,40.679359896221]]]}},{"type":"Feature","properties":{"name":"Carroll Gardens-Cobble Hill-Gowanus-Red Hook","borough":"Brooklyn"},"geometry":{"type":"Polygon","coordinates":[[[-73.9923651118562,40.6896983761262],[-73.9939307378881,40.6864611233086],[-73.9891298473696,40.6845977045357],[-73.98828437762,40.6858750373645],[-73.9796182384205,40.6824995215972],[-73.9839019260239,40.6761569031467],[-73.9927722466761,40.6655155290247],[-73.994704182398,40.6666734585043],[-73.9959802283758,40.6680062546204],[-73.9985523488686,40.6719341905067],[-74.0003048221066,40.6687251404546],[-74.0010580854045,40.6689539291906],[-74.0014167147236,40.668367662698],[-74.0022165127867,40.6685868853046],[-74.002896283534,40.6673567135476],[-74.0058651075605,40.6680020102065],[-74.0069604038353,40.666052877663],[-74.0047553324866,40.6707296071398],[-74.0054407110884,40.6709297164484],[-74.0075496624198,40.6670599931105],[-74.0077979798182,40.6671680181666],[-74.0070886890595,40.6685996057283],[-74.0098555656192,40.6685318759202],[-74.011541622828,40.665094166608],[-74.0157501775368,40.6645765823913],[-74.0174459098052,40.6652762425292],[-74.0178886409662,40.6658587130642],[-74.0187648188555,40.6710841222675],[-74.0193409190041,40.6716331962832],[-74.017511820532,40.6710427782905],[-74.0164881045134,40.6649387556013],[-74.0160269665769,40.6648712954385],[-74.0159384341707,40.6654790384942],[-74.0122811263985,40.6657406616137],[-74.0108780876847,40.6686098633279],[-74.0103582839042,40.6686510829791],[-74.0103399067308,40.6690864431247],[-74.0109116908454,40.6691987400482],[-74.0108748872428,40.6697183633403],[-74.0115443279953,40.6697925900207],[-74.0116267229678,40.6705892762022],[-74.0142507178614,40.6697368529069],[-74.0117549528967,40.6706660045101],[-74.0142755212276,40.6713875471719],[-74.0152012546093,40.6707622749967],[-74.0138741861846,40.671889009863],[-74.0142343425502,40.6721382486519],[-74.0156877040568,40.6710470828026],[-74.0129773262745,40.6733361671388],[-74.0133652306743,40.6735997858929],[-74.0151206356075,40.6721652445847],[-74.016322447961,40.6729165182846],[-74.0145809161411,40.6744222656462],[-74.0149653709164,40.6746858794097],[-74.0181698420783,40.6719474885646],[-74.0188023979209,40.6722590123484],[-74.0172728344457,40.6736168941278],[-74.0177539208886,40.674055971284],[-74.0180122232049,40.6739214294085],[-74.0178033219757,40.6741036898115],[-74.0181776328324,40.674472425495],[-74.0178359257515,40.6752664721429],[-74.0182994760784,40.6754674283333],[-74.0183883781549,40.6751050955985],[-74.0188886037204,40.6751074616972],[-74.0184117635554,40.6755273096428],[-74.0184970743705,40.6758524902318],[-74.0179936285846,40.6759285165389],[-74.0179211379055,40.6765230142592],[-74.0197707068581,40.6766214737412],[-74.0199534288004,40.6771112593637],[-74.0190840244011,40.6771478129988],[-74.0191788900786,40.6778351975872],[-74.0184318569915,40.6779165699846],[-74.0184124822311,40.6784153705019],[-74.0196634538679,40.6783938876317],[-74.0182717117571,40.6785624677168],[-74.0185802783759,40.6789913288029],[-74.0195314884175,40.6789663371057],[-74.0192827313334,40.6796563900317],[-74.0128214515938,40.6836306669397],[-74.0121362655507,40.6829141778483],[-74.0141069457012,40.6817207693981],[-74.0136100810754,40.6812301966721],[-74.0138754368846,40.6810180627093],[-74.0130198030157,40.6804206233175],[-74.009672533485,40.6832769781984],[-74.0107745717087,40.6843668661993],[-74.0119340471079,40.6838959996805],[-74.007983287534,40.6862840732282],[-74.0070213331909,40.6865346689119],[-74.0058836878125,40.6862040200838],[-74.0029770990111,40.6904348280424],[-74.0009630136325,40.690137020484],[-74.000700503227,40.6906201106569],[-74.0019708305502,40.6918514617574],[-74.0016187198966,40.6925573236895],[-73.9999166176331,40.6917754825022],[-73.9923651118562,40.6896983761262]]]}},{"type":"Feature","properties":{"name":"Park Slope","borough":"Brooklyn"},"geometry":{"type":"Polygon","coordinates":[[[-73.9737622847427,40.6830576603382],[-73.9746926195894,40.6802748679248],[-73.9761819488436,40.6780725721021],[-73.971887403113,40.6764029039383],[-73.9694988224354,40.6759146309136],[-73.9696946092318,40.6753691057712],[-73.9688403361525,40.6744172276762],[-73.9687806572308,40.6733070727769],[-73.968943497743,40.6728957423168],[-73.9704087793021,40.6726554697062],[-73.9796549710599,40.6612514814478],[-73.9801730472743,40.661162906159],[-73.9917350926051,40.6667448438138],[-73.9839019260239,40.6761569031467],[-73.9780787334083,40.6849231923033],[-73.9774586577227,40.684060539379],[-73.9737622847427,40.6830576603382]]]}},{"type":"Feature","properties":{"name":"Windsor Terrace-South Slope","borough":"Brooklyn"},"geometry":{"type":"Polygon","coordinates":[[[-73.9801730472743,40.661162906159],[-73.9800025752856,40.6607658113166],[-73.9795801363255,40.6608614899641],[-73.9743684473448,40.6581961514845],[-73.9723298960188,40.6514061752911],[-73.9726901817653,40.6509753738253],[-73.9720898943108,40.6506651541549],[-73.9713977488723,40.6482660310682],[-73.9732683234872,40.6475913173849],[-73.9752735684402,40.6478388493048],[-73.9802925904313,40.647305406556],[-73.9817971235846,40.655254343623],[-73.9884327912876,40.6592594586764],[-73.9872521277819,40.6603872031029],[-73.9887179496445,40.6624131859867],[-73.9883187302625,40.6627944959317],[-73.9927722466761,40.6655155290247],[-73.9917350926051,40.6667448438138],[-73.9801730472743,40.661162906159]]]}},{"type":"Feature","properties":{"name":"Sunset Park (West)","borough":"Brooklyn"},"geometry":{"type":"Polygon","coordinates":[[[-73.9927722466761,40.6655155290247],[-73.9883187302625,40.6627944959317],[-73.9887179496445,40.6624131859867],[-73.9872521277819,40.6603872031029],[-73.9901898544591,40.6576090649618],[-73.9923848350644,40.658907262733],[-73.9929654601415,40.6583456566431],[-73.9951703431493,40.6596777690764],[-74.0161685612002,40.6394906837366],[-74.0184321506242,40.6408455699106],[-74.0210887599231,40.6382718292314],[-74.0218534121866,40.6398243403652],[-74.0211160155326,40.64152182111],[-74.023219251083,40.6399097561034],[-74.0247558251628,40.6381296591882],[-74.0269538965753,40.6394543063245],[-74.0262384355633,40.6401347326184],[-74.0288981183772,40.6412222638734],[-74.0290568500161,40.6417335847104],[-74.0298324795395,40.6423275987654],[-74.0325431907866,40.6438337257924],[-74.0322701614165,40.6440826217966],[-74.0318985375714,40.643897591348],[-74.0305197609042,40.6452826665023],[-74.0290823606157,40.6444118391083],[-74.0288638623265,40.6448742659995],[-74.029087994663,40.6445912440125],[-74.0285026140648,40.6441858068565],[-74.0281919819669,40.6444225724175],[-74.0284586625014,40.6441643019019],[-74.0282071469045,40.6440242250228],[-74.0260509349034,40.646269592975],[-74.0297422343263,40.6484942686638],[-74.0293913569887,40.648812297642],[-74.0257190388635,40.6466237350209],[-74.0253829433786,40.6469205885239],[-74.025072564256,40.6467338586502],[-74.024356419794,40.647407521085],[-74.0241471108785,40.6476233442411],[-74.0251305702827,40.648331424543],[-74.0249693712071,40.6486142049119],[-74.0255400967302,40.6497904032083],[-74.0248458144114,40.650607882102],[-74.0260527831548,40.6510025443207],[-74.0255311664857,40.6514867943838],[-74.0247730557155,40.6506959509977],[-74.024241664091,40.6511417599818],[-74.0254174913262,40.6519420506393],[-74.0241789803331,40.6512000168942],[-74.0228528681333,40.6511774388858],[-74.025370352578,40.6527296808677],[-74.0215428329164,40.6506798665836],[-74.0212479733738,40.6508432162791],[-74.0210537535154,40.6511065261984],[-74.0223387967222,40.6519188497718],[-74.0209000782616,40.6512555190262],[-74.0238084896237,40.6530529720676],[-74.0235957955106,40.6532246135641],[-74.0219604508573,40.6522310254303],[-74.0211881500206,40.6528480810056],[-74.0232060970747,40.6541043606015],[-74.0216309128869,40.6536534089663],[-74.0211510846576,40.6542189995922],[-74.0218262475105,40.6546644197272],[-74.0216463141651,40.6548872268717],[-74.0204760677989,40.6542248336326],[-74.0191934794289,40.6540308424039],[-74.0187283148797,40.6534825548455],[-74.018120426928,40.6538935155284],[-74.0202573401108,40.6551265074712],[-74.0200532740722,40.6553441930118],[-74.0178755209936,40.654069746797],[-74.0171546443782,40.6547833489936],[-74.0198022660386,40.6564954554593],[-74.0172686079955,40.6552024326962],[-74.0169176270457,40.6554915202391],[-74.0166519280387,40.6553470413319],[-74.0163958237138,40.6556288871722],[-74.0191098873816,40.6573771293754],[-74.0186071438283,40.657854119206],[-74.0158551488069,40.6562214845095],[-74.0154377708272,40.6566406418158],[-74.0177437762324,40.6581071624906],[-74.0176869407152,40.6584612380957],[-74.015048830244,40.6569586318256],[-74.0144227527103,40.6576162672345],[-74.017459479827,40.6594584429249],[-74.0155431023037,40.6607666008356],[-74.0118400670227,40.6589210829045],[-74.0111089510342,40.6597145203916],[-74.0140239247544,40.6615379935067],[-74.0126550356784,40.6619899002408],[-74.0086010158002,40.6595291689608],[-74.0074600274538,40.660566722316],[-74.0103734598306,40.6624071255925],[-74.0104647641472,40.6626503656971],[-74.0095521880685,40.6632759406947],[-74.0086851622899,40.6633802594554],[-74.0061628568406,40.6618533153945],[-74.0056873929202,40.6622829873681],[-74.0042850273535,40.6614531409951],[-74.0062284280346,40.6627960744476],[-74.005925050508,40.6631164973993],[-74.0038095994369,40.661916192227],[-74.0034894556522,40.6622488027038],[-74.0045564299091,40.6628246195636],[-74.0047344262774,40.6625047505785],[-74.0053595739247,40.6628773763648],[-74.0049730227566,40.6630764599278],[-74.0051937830001,40.6632097998007],[-74.0053815894293,40.662892173088],[-74.0059989323372,40.6632668575156],[-74.005614932217,40.6634666369945],[-74.0077227812173,40.6647268799329],[-74.0073066072782,40.6646058376565],[-74.0071267724389,40.6649234659495],[-74.0065261417581,40.6645554735792],[-74.0068835989319,40.6643486198113],[-74.0066308243644,40.6641961769717],[-74.0064512448784,40.6645144532125],[-74.0058430218385,40.6641462680423],[-74.0060475307508,40.663848252435],[-74.0057592559286,40.6639310036274],[-74.005642853018,40.66453973784],[-74.0056517050339,40.6639085846689],[-74.0036300691462,40.6627430936993],[-74.00340493062,40.6629939733227],[-74.004593831457,40.6637434471652],[-74.0043243939961,40.6640605668768],[-74.0052827671391,40.6646652505105],[-74.0048633831827,40.6650730690194],[-74.0011366390292,40.6629099698374],[-74.0008354549269,40.6630146885051],[-73.9995329696089,40.6644057325714],[-74.0029260798843,40.6664705590841],[-74.001620944532,40.6667745267032],[-74.0012075576871,40.667026355298],[-74.0014661536231,40.6671778168234],[-74.0006891927576,40.6675541996131],[-73.9999829372294,40.6674585221263],[-73.9990274535762,40.6684512200755],[-73.9990277762683,40.6690161369626],[-73.9992419347031,40.6683145344742],[-73.9986572504547,40.6695230432171],[-73.9989182920273,40.6698128114372],[-73.9985523488686,40.6719341905067],[-73.9959802283758,40.6680062546204],[-73.994704182398,40.6666734585043],[-73.9927722466761,40.6655155290247]]]}},{"type":"Feature","properties":{"name":"Sunset Park (Central)","borough":"Brooklyn"},"geometry":{"type":"Polygon","coordinates":[[[-73.996047094511,40.6483488995397],[-74.0095585280318,40.635501205244],[-74.0055663461521,40.6330914176963],[-74.0070244681616,40.6321182360137],[-74.0107436455284,40.6343647896738],[-74.0119096827375,40.6332426453688],[-74.0162918064902,40.6359193692886],[-74.0167754077463,40.6354433842878],[-74.0210887599231,40.6382718292314],[-74.0184321506242,40.6408455699106],[-74.0161685612002,40.6394906837366],[-74.0021670027111,40.6529575592524],[-73.9977961023164,40.6502971344077],[-73.9983074647494,40.6497482600856],[-73.996047094511,40.6483488995397]]]}},{"type":"Feature","properties":{"name":"Prospect Heights","borough":"Brooklyn"},"geometry":{"type":"Polygon","coordinates":[[[-73.96071117589,40.6731296447419],[-73.9613383857568,40.6713650213117],[-73.9671332519343,40.6728052215762],[-73.968943497743,40.6728957423168],[-73.968742867969,40.6740973574577],[-73.9696946092318,40.6753691057712],[-73.9694988224354,40.6759146309136],[-73.971887403113,40.6764029039383],[-73.9761819488436,40.6780725721021],[-73.9746926195894,40.6802748679248],[-73.9737622847427,40.6830576603382],[-73.961347990234,40.6804717764292],[-73.9631838197893,40.6755377555848],[-73.9600748897538,40.6748725352288],[-73.96071117589,40.6731296447419]]]}},{"type":"Feature","properties":{"name":"Crown Heights (North)","borough":"Brooklyn"},"geometry":{"type":"Polygon","coordinates":[[[-73.9441427886215,40.6782452121003],[-73.9218168090474,40.6770266427937],[-73.9227539906382,40.6671055833144],[-73.9242460909579,40.6664532505584],[-73.9255290171418,40.6685079403478],[-73.9552710655747,40.6701331546641],[-73.9613383857568,40.6713650213117],[-73.9600748897538,40.6748725352288],[-73.9631838197893,40.6755377555848],[-73.961347990234,40.6804717764292],[-73.95205381643,40.6786829088733],[-73.9441427886215,40.6782452121003]]]}},{"type":"Feature","properties":{"name":"Crown Heights (South)","borough":"Brooklyn"},"geometry":{"type":"Polygon","coordinates":[[[-73.9613383857568,40.6713650213117],[-73.9552710655747,40.6701331546641],[-73.9283510917577,40.6686554456541],[-73.9287234652539,40.6645038198205],[-73.9306860748144,40.6636287266677],[-73.9428303468539,40.662855734486],[-73.9426977142359,40.6640633792992],[-73.9454643620764,40.6642343536345],[-73.957210782941,40.6635256457256],[-73.9572931560184,40.6643108814165],[-73.9580809631357,40.6642677547782],[-73.960338258789,40.6641169473032],[-73.9606168776509,40.6633109984523],[-73.9609573849711,40.6632933031032],[-73.9625726620822,40.6716304947357],[-73.9613383857568,40.6713650213117]]]}},{"type":"Feature","properties":{"name":"Prospect Lefferts Gardens-Wingate","borough":"Brooklyn"},"geometry":{"type":"Polygon","coordinates":[[[-73.9316088544059,40.6635649726465],[-73.931327117707,40.6606015563029],[-73.9342317965557,40.6604234825879],[-73.933997269487,40.6581268945902],[-73.9310846515601,40.6583041643701],[-73.9309049690747,40.656618603993],[-73.9500680757479,40.6554312443072],[-73.9501610868195,40.6562684788528],[-73.9563899444338,40.655882812874],[-73.9563017787952,40.655056528646],[-73.9596980874929,40.654847461884],[-73.9598624607541,40.6556430362452],[-73.9618822944019,40.654889439142],[-73.9630842863516,40.6621394159819],[-73.9622511691946,40.6632069274069],[-73.9606168776509,40.6633109984523],[-73.960338258789,40.6641169473032],[-73.9572931560184,40.6643108814165],[-73.957210782941,40.6635256457256],[-73.9454643620764,40.6642343536345],[-73.9426977142359,40.6640633792992],[-73.9428303468539,40.662855734486],[-73.9316088544059,40.6635649726465]]]}},{"type":"Feature","properties":{"name":"Bay Ridge","borough":"Brooklyn"},"geometry":{"type":"Polygon","coordinates":[[[-74.0322985663016,40.6435895559239],[-74.0298324795395,40.6423275987654],[-74.0290568500161,40.6417335847104],[-74.0288981183772,40.6412222638734],[-74.0262384355633,40.6401347326184],[-74.0269538965753,40.6394543063245],[-74.0247558251628,40.6381296591882],[-74.023219251083,40.6399097561034],[-74.0211160155326,40.64152182111],[-74.0218534121866,40.6398243403652],[-74.0212825335664,40.6384983499259],[-74.0167754077463,40.6354433842878],[-74.016155587303,40.634680344589],[-74.0158629547966,40.6333995666555],[-74.0151477527655,40.6332301789585],[-74.0197063621086,40.622193203655],[-74.0200881189189,40.6224291908393],[-74.0204255460631,40.6221715484812],[-74.0228774350424,40.6194743854081],[-74.0212169296628,40.6184802226414],[-74.024778770087,40.6097042340455],[-74.0271080530938,40.6102521925341],[-74.0263775379963,40.612458839401],[-74.0275444206527,40.6129454197601],[-74.0257513389221,40.6160664599247],[-74.0262912053576,40.6163375370134],[-74.0314478352737,40.6111280507371],[-74.0331470886744,40.6102357243719],[-74.0360412289847,40.6093038747124],[-74.0369088276735,40.6112006443737],[-74.0390264742366,40.613167211643],[-74.0401323793467,40.6148001466418],[-74.0416033691908,40.6204967022746],[-74.0418930221452,40.6243768154482],[-74.0410710798,40.6301828422254],[-74.0368080743909,40.6389924623887],[-74.0387644337724,40.6395964998738],[-74.0367262976348,40.6391494315862],[-74.0357142151595,40.6406483947506],[-74.0367045327239,40.6416938612511],[-74.0340747462925,40.6443221749492],[-74.0328765252238,40.6435915577735],[-74.0326427424632,40.6437955553764],[-74.0322985663016,40.6435895559239]]]}},{"type":"Feature","properties":{"name":"Dyker Heights","borough":"Brooklyn"},"geometry":{"type":"Polygon","coordinates":[[[-74.0070244681616,40.6321182360137],[-74.0019315550146,40.6290410080028],[-74.0025159894793,40.6284824495438],[-73.997242110154,40.6252969265682],[-73.997715029107,40.6236885091238],[-73.9993223425739,40.6246634861896],[-74.0117134591874,40.6127432657555],[-74.0228774350424,40.6194743854081],[-74.0204255460631,40.6221715484812],[-74.0200881189189,40.6224291908393],[-74.0197063621086,40.622193203655],[-74.0154255440395,40.6325213794197],[-74.0151477527655,40.6332301789585],[-74.0158629547966,40.6333995666555],[-74.016155587303,40.634680344589],[-74.0167754077463,40.6354433842878],[-74.0162918064902,40.6359193692886],[-74.0119096827375,40.6332426453688],[-74.0107436455284,40.6343647896738],[-74.0070244681616,40.6321182360137]]]}},{"type":"Feature","properties":{"name":"Bensonhurst","borough":"Brooklyn"},"geometry":{"type":"Polygon","coordinates":[[[-73.9900949976121,40.6227971926423],[-73.9856950139929,40.6201397538813],[-73.9862766829997,40.6195748563948],[-73.9747780115519,40.6126467137728],[-73.9740324090248,40.6087105472522],[-73.9884241113812,40.6071273852892],[-73.9891333506305,40.606464373834],[-73.9868490616979,40.60510547307],[-73.9886915227745,40.6034335427002],[-73.9908747032654,40.6047775327278],[-73.995594645347,40.6002404563975],[-74.0000241000453,40.6029155512752],[-74.0003249775864,40.6026285278542],[-74.004935930042,40.6050826417012],[-74.0009455241829,40.6086479463134],[-74.010505478968,40.6139048488335],[-73.9993223425739,40.6246634861896],[-73.997715029107,40.6236885091238],[-73.9967899150177,40.6268342912707],[-73.9900949976121,40.6227971926423]]]}},{"type":"Feature","properties":{"name":"Bath Beach","borough":"Brooklyn"},"geometry":{"type":"Polygon","coordinates":[[[-73.995594645347,40.6002404563975],[-74.0020391696375,40.5940678392714],[-74.0034487430854,40.595845873943],[-74.0051198229535,40.5972330248021],[-74.0104742949993,40.6005141886118],[-74.0147298147314,40.6020741457087],[-74.0183249179515,40.6024258859424],[-74.0194290544015,40.602879812708],[-74.0154999943629,40.6068497595545],[-74.0170205459097,40.6076626523553],[-74.010505478968,40.6139048488335],[-74.0009455241829,40.6086479463134],[-74.004935930042,40.6050826417012],[-74.0003249775864,40.6026285278542],[-74.0000241000453,40.6029155512752],[-73.995594645347,40.6002404563975]]]}},{"type":"Feature","properties":{"name":"Gravesend (West)","borough":"Brooklyn"},"geometry":{"type":"Polygon","coordinates":[[[-73.9807115645241,40.5940054626055],[-73.9846410881742,40.5935604097877],[-73.9860208023325,40.5944542838369],[-73.9896229362428,40.5909902263108],[-73.9903656866282,40.5914401648047],[-73.9915407800562,40.5903991359639],[-73.9933099860184,40.5895921312426],[-73.9937590548626,40.5903400772992],[-73.9979352621009,40.5884075154222],[-73.9986743724564,40.589203782338],[-73.9992383428352,40.5889435605965],[-73.999465907067,40.5892415017588],[-73.9983797874623,40.5897786776102],[-73.9988376189246,40.5896337220194],[-73.9984453094624,40.5898686322171],[-73.9987794446976,40.5903225879565],[-73.9984446980589,40.5902483376035],[-73.9971131240421,40.591286210306],[-73.9971957073205,40.5916206137919],[-73.9980658213042,40.591217697547],[-73.9972841354456,40.5917230473076],[-73.9975499484297,40.5919258111431],[-73.9995143774396,40.5911091385013],[-74.0002339151326,40.5915065045844],[-73.9990327534196,40.5923210364461],[-73.9994844879108,40.5929774330094],[-73.9983897497069,40.5935396248668],[-74.0010974075174,40.5925269424684],[-74.0020391696375,40.5940678392714],[-73.9908747032654,40.6047775327278],[-73.9886915227745,40.6034335427002],[-73.9868490616979,40.60510547307],[-73.9891333506305,40.606464373834],[-73.9884241113812,40.6071273852892],[-73.972995771055,40.608822378954],[-73.9721788584758,40.6042029483123],[-73.9729125994803,40.5993240394912],[-73.9719122348659,40.5994312944761],[-73.9714849377109,40.5971798198741],[-73.9803592871219,40.5961997766625],[-73.9799558668641,40.594082046118],[-73.9807115645241,40.5940054626055]]]}},{"type":"Feature","properties":{"name":"Sunset Park (East)-Borough Park (West)","borough":"Brooklyn"},"geometry":{"type":"Polygon","coordinates":[[[-73.9890601628697,40.6441274845632],[-74.0055663461521,40.6330914176963],[-74.0095585280318,40.635501205244],[-73.996047094511,40.6483488995397],[-73.9890601628697,40.6441274845632]]]}},{"type":"Feature","properties":{"name":"Borough Park","borough":"Brooklyn"},"geometry":{"type":"Polygon","coordinates":[[[-73.9760507892505,40.6312841471039],[-73.9771665527286,40.6307548954435],[-73.9765791895143,40.6275814275304],[-73.977525474169,40.6279858597841],[-73.982145568301,40.62354091039],[-73.9844020387276,40.6249008621777],[-73.9861022421344,40.6231913520524],[-73.9883036391821,40.6245219352671],[-73.9900949976121,40.6227971926423],[-73.9967899150177,40.6268342912707],[-73.997242110154,40.6252969265682],[-74.0025159894793,40.6284824495438],[-74.0019315550146,40.6290410080028],[-74.0070244681616,40.6321182360137],[-73.9883513054438,40.6445704875231],[-73.9829956285789,40.6413332400367],[-73.9804220142833,40.6423934703916],[-73.9791133210649,40.6354486296124],[-73.9768900453348,40.63568310432],[-73.9760507892505,40.6312841471039]]]}},{"type":"Feature","properties":{"name":"Kensington","borough":"Brooklyn"},"geometry":{"type":"Polygon","coordinates":[[[-73.9760507892505,40.6312841471039],[-73.9768900453348,40.63568310432],[-73.9791133210649,40.6354486296124],[-73.9804220142833,40.6423934703916],[-73.9829956285789,40.6413332400367],[-73.9883513054438,40.6445704875231],[-73.9818067747058,40.6471360441333],[-73.9752735684402,40.6478388493048],[-73.9732683234872,40.6475913173849],[-73.9713977488723,40.6482660310682],[-73.9680401150948,40.636659228229],[-73.9702917940916,40.6364145840843],[-73.9698701249299,40.6342029168447],[-73.9760507892505,40.6312841471039]]]}},{"type":"Feature","properties":{"name":"Mapleton-Midwood (West)","borough":"Brooklyn"},"geometry":{"type":"Polygon","coordinates":[[[-73.9628611682625,40.6125577247069],[-73.96478255602,40.6123391602936],[-73.9642979272612,40.6097846638198],[-73.9740324090248,40.6087105472522],[-73.9747780115519,40.6126467137728],[-73.9862766829997,40.6195748563948],[-73.9856950139929,40.6201397538813],[-73.9900949976121,40.6227971926423],[-73.9883036391821,40.6245219352671],[-73.9861022421344,40.6231913520524],[-73.9844020387276,40.6249008621777],[-73.982145568301,40.62354091039],[-73.977525474169,40.6279858597841],[-73.9765791895143,40.6275814275304],[-73.9762359690244,40.62598459114],[-73.9709226938797,40.6265782262178],[-73.971367652387,40.6289374038758],[-73.9660833429812,40.6295509482914],[-73.9628611682625,40.6125577247069]]]}},{"type":"Feature","properties":{"name":"Gravesend (South)","borough":"Brooklyn"},"geometry":{"type":"Polygon","coordinates":[[[-73.9807115645241,40.5940054626055],[-73.9776970895451,40.5921947715777],[-73.9775155452439,40.5911455462038],[-73.9755722500847,40.5899562244074],[-73.9606812673745,40.5916058168242],[-73.9602596838678,40.5850375407625],[-73.9678598692278,40.584522276816],[-73.9690012840973,40.5840711275737],[-73.9774266840036,40.5829148250759],[-73.9848233623215,40.5841767551708],[-73.9849287437302,40.5846041846766],[-73.987102637041,40.5846528241732],[-73.9865460042516,40.5836668230501],[-73.9883009173279,40.5834749789629],[-73.9888192909005,40.5843812268946],[-73.9915399182807,40.5864802024081],[-73.9925928530844,40.5881145537893],[-73.9980866751636,40.5853729537499],[-73.9997074098155,40.5856980515316],[-73.9993580903277,40.5863896012369],[-73.9981467428618,40.5865399258002],[-73.9941744935963,40.5883910902167],[-73.9956619827842,40.5879444395999],[-73.9940804834189,40.5887016744508],[-73.9942169833383,40.5888767634752],[-73.9979578357486,40.5872777384104],[-73.9948782144147,40.5887799791229],[-73.9953488142574,40.5893396129813],[-74.000115934411,40.5869598723068],[-74.0001102991967,40.5865689614295],[-74.0004342140357,40.5865528267372],[-74.0003835089622,40.5871412892826],[-73.9937590548626,40.5903400772992],[-73.9933099860184,40.5895921312426],[-73.9915407800562,40.5903991359639],[-73.9903656866282,40.5914401648047],[-73.9896229362428,40.5909902263108],[-73.9860208023325,40.5944542838369],[-73.9846410881742,40.5935604097877],[-73.9807115645241,40.5940054626055]]]}},{"type":"Feature","properties":{"name":"Coney Island-Sea Gate","borough":"Brooklyn"},"geometry":{"type":"Polygon","coordinates":[[[-73.9666167435418,40.5845790790644],[-73.9688913862368,40.575269469693],[-73.9657506435076,40.574802427815],[-73.9594192066479,40.5751862151572],[-73.9593932469221,40.5739203400148],[-73.9672043687199,40.5733345477749],[-73.9674277118176,40.5729933392716],[-73.9683918056798,40.5731626727395],[-73.9694526903951,40.5728655105699],[-73.969247640428,40.5723123062622],[-73.9695603799203,40.5728168106541],[-73.9708550595585,40.5727787454206],[-73.9713518748388,40.5726076891298],[-73.9711844924276,40.5719501290504],[-73.9716084935711,40.5726364540063],[-73.9724981667993,40.5725844872951],[-73.9733464518828,40.5723294439715],[-73.9732513306642,40.5716349154385],[-73.9734494828716,40.5722803369214],[-73.9737335294186,40.5722951545365],[-73.9754722492714,40.5719772336388],[-73.975407071132,40.5714292703569],[-73.9759269513073,40.5720268872533],[-73.977272001047,40.5718718804141],[-73.9776652768121,40.5717376174972],[-73.9776723061376,40.5711792496672],[-73.9780774283556,40.571237799714],[-73.9777167616433,40.5712601434447],[-73.9778093962052,40.5717644305472],[-73.9784562963054,40.571900433999],[-73.9798483763116,40.5715475491947],[-73.9794265930461,40.5712292532606],[-73.9802102627147,40.5717344350996],[-73.9820421901818,40.5714886000187],[-73.9815729863861,40.5712582178922],[-73.9822572349199,40.5715766477958],[-73.9836741343659,40.5714152871123],[-73.9834058400497,40.5701737737008],[-73.9830447213935,40.5701540896842],[-73.983393117031,40.5701029141961],[-73.9833620123544,40.5695382235533],[-73.9834866513556,40.570097244235],[-73.9838409277014,40.570120696825],[-73.9834898541662,40.5701642587292],[-73.9837593373464,40.5714044566707],[-73.9902641101735,40.5707165691745],[-73.9907745382951,40.5706076508558],[-73.9907940820514,40.5702568777038],[-73.9908651819338,40.5706102452577],[-73.9911948104272,40.570620103974],[-73.9929824164595,40.5702050021708],[-73.9949390686726,40.5703629033367],[-73.9951886966313,40.5700301063833],[-73.9952944478583,40.5703295115192],[-73.9973708859639,40.5701455362395],[-73.9984692165124,40.570505625702],[-74.0007800336422,40.5704992268683],[-74.002013109166,40.5702169870726],[-74.0020869150104,40.5695942124083],[-74.002488516248,40.5717466177051],[-74.004800855896,40.5728870838269],[-74.0111581290824,40.5741749908658],[-74.0120168440189,40.5748932815925],[-74.0130252432485,40.5778125991656],[-74.0123518017678,40.5792300506131],[-74.0114064692032,40.5801398466324],[-74.0074551011464,40.581811753486],[-74.0060487829839,40.5819918832559],[-74.0005613064676,40.58130565996],[-73.9981840502912,40.5817335951862],[-73.9977660822809,40.5814625616792],[-73.9977192321802,40.5807150075714],[-73.9918305638161,40.5792553116105],[-73.9903635001204,40.5794328108883],[-73.9884297724939,40.5788240733352],[-73.9873920777089,40.5790952138689],[-73.9866968349353,40.5798231391054],[-73.9870228201991,40.58003099638],[-73.9858871080748,40.5811526558272],[-73.9860465333743,40.5817289160191],[-73.9868462244029,40.5812403332513],[-73.9880462348192,40.5796411881077],[-73.9899564846166,40.5806699010593],[-73.9883009173279,40.5834749789629],[-73.9865460042516,40.5836668230501],[-73.987102637041,40.5846528241732],[-73.9849287437302,40.5846041846766],[-73.9848233623215,40.5841767551708],[-73.9774266840036,40.5829148250759],[-73.9746833737764,40.5831323504456],[-73.9666167435418,40.5845790790644]]]}},{"type":"Feature","properties":{"name":"Brighton Beach","borough":"Brooklyn"},"geometry":{"type":"Polygon","coordinates":[[[-73.9523992527401,40.574255280485],[-73.9540847573873,40.5740815031655],[-73.9541350315945,40.5743414985268],[-73.9556962645026,40.5743352272391],[-73.9563464910761,40.5742154529192],[-73.9563467587814,40.5738058091409],[-73.9565689333879,40.5741790094077],[-73.9584361885119,40.5740970453772],[-73.9589677666102,40.5739554995555],[-73.9589886147845,40.5734388854115],[-73.9590739053866,40.5738537782611],[-73.9593932461532,40.5739203400146],[-73.9594192066479,40.5751862151572],[-73.9657506435076,40.574802427815],[-73.9688913862368,40.575269469693],[-73.9666167435418,40.5845790790644],[-73.9602596838678,40.5850375407625],[-73.9600494120041,40.5832781049891],[-73.9591110137466,40.5828649082493],[-73.9572311047974,40.5831538005652],[-73.9564587147416,40.5826670836451],[-73.954144302045,40.5831143733648],[-73.9523992527401,40.574255280485]]]}},{"type":"Feature","properties":{"name":"Flatbush","borough":"Brooklyn"},"geometry":{"type":"Polygon","coordinates":[[[-73.9563017787952,40.655056528646],[-73.955826611761,40.6505380540234],[-73.9587093278272,40.6503955195989],[-73.9581081504859,40.6465262549382],[-73.9556533894815,40.6466386558322],[-73.9547316750304,40.6447808232145],[-73.9541278378442,40.6391695430545],[-73.9536014735559,40.6384305910953],[-73.9482664214541,40.6386154340775],[-73.9477747283939,40.6340063996774],[-73.9458691597798,40.6341257912299],[-73.9456189707441,40.6317856729314],[-73.9464810408683,40.6317164047558],[-73.9441567753606,40.629516527935],[-73.9568484004666,40.6281281205628],[-73.9593783782187,40.6414797997785],[-73.9631873122118,40.6396800618496],[-73.9640890136361,40.6444146622216],[-73.9650132059502,40.6443103959556],[-73.9654687869392,40.646714403777],[-73.9645424163658,40.6468068753326],[-73.9649050019899,40.6487292144375],[-73.9621871689854,40.6497970434624],[-73.9630218119961,40.6515403116361],[-73.9646558171786,40.6508959741649],[-73.9662146511012,40.6531976516554],[-73.9598624607541,40.6556430362452],[-73.9596980874929,40.654847461884],[-73.9563017787952,40.655056528646]]]}},{"type":"Feature","properties":{"name":"Flatbush (West)-Ditmas Park-Parkville","borough":"Brooklyn"},"geometry":{"type":"Polygon","coordinates":[[[-73.9568484004666,40.6281281205628],[-73.9599570785341,40.6277869138733],[-73.9604087716834,40.6301707733668],[-73.9623274225117,40.6299769584178],[-73.971367652387,40.6289374038758],[-73.9709226938797,40.6265782262178],[-73.9762359690244,40.62598459114],[-73.9771665527286,40.6307548954435],[-73.9698701249299,40.6342029168447],[-73.9702917940916,40.6364145840843],[-73.9680401150948,40.636659228229],[-73.9713977488723,40.6482660310682],[-73.9630218119961,40.6515403116361],[-73.9621871689854,40.6497970434624],[-73.9649050019899,40.6487292144375],[-73.9645424163658,40.6468068753326],[-73.9654687869392,40.646714403777],[-73.9650132059502,40.6443103959556],[-73.9640890136361,40.6444146622216],[-73.9631873122118,40.6396800618496],[-73.9593783782187,40.6414797997785],[-73.9568484004666,40.6281281205628]]]}},{"type":"Feature","properties":{"name":"Midwood","borough":"Brooklyn"},"geometry":{"type":"Polygon","coordinates":[[[-73.9568484004666,40.6281281205628],[-73.9473281462826,40.6291748092565],[-73.9464240834238,40.6243938084252],[-73.9454258514418,40.6245038507935],[-73.9445197555952,40.6197218873825],[-73.946515155113,40.6195022598275],[-73.945738342458,40.6153716461474],[-73.9474275107386,40.6142328396613],[-73.9502665728697,40.6139325917522],[-73.9497852273608,40.6113799889421],[-73.9623869112855,40.6099942311049],[-73.9660833429812,40.6295509482914],[-73.9604087716834,40.6301707733668],[-73.9599570785341,40.6277869138733],[-73.9568484004666,40.6281281205628]]]}},{"type":"Feature","properties":{"name":"Gravesend (East)-Homecrest","borough":"Brooklyn"},"geometry":{"type":"Polygon","coordinates":[[[-73.9585942107921,40.6104112689017],[-73.9568314417014,40.6010955857778],[-73.9577588855459,40.6009941252507],[-73.9560786287728,40.5921096669033],[-73.9570047282378,40.5920104906406],[-73.9561956697179,40.5877700605324],[-73.9603509606409,40.5873145199418],[-73.9606812673745,40.5916058168242],[-73.9755722500847,40.5899562244074],[-73.9775155452439,40.5911455462038],[-73.9776970895451,40.5921947715777],[-73.9807115645241,40.5940054626055],[-73.9799558668641,40.594082046118],[-73.9803592871219,40.5961997766625],[-73.9714849377109,40.5971798198741],[-73.9719122348659,40.5994312944761],[-73.9729125994803,40.5993240394912],[-73.9721788584758,40.6042029483123],[-73.972995771055,40.608822378954],[-73.9642979272612,40.6097846638198],[-73.96478255602,40.6123391602936],[-73.9628611682625,40.6125577247069],[-73.9623869112855,40.6099942311049],[-73.9585942107921,40.6104112689017]]]}},{"type":"Feature","properties":{"name":"Madison","borough":"Brooklyn"},"geometry":{"type":"Polygon","coordinates":[[[-73.9375389140452,40.6085656285971],[-73.939727558708,40.6071411531052],[-73.9342640852564,40.6022389485767],[-73.935034164094,40.6017420284891],[-73.9344730063592,40.601239748903],[-73.9428909605989,40.6003268867314],[-73.9424861531342,40.5982086022453],[-73.9569286213893,40.5966203116255],[-73.9577588855459,40.6009941252507],[-73.9568314417014,40.6010955857778],[-73.9585942107921,40.6104112689017],[-73.9497852273608,40.6113799889421],[-73.9502665728697,40.6139325917522],[-73.9474275107386,40.6142328396613],[-73.9448291321714,40.6160544486657],[-73.9435484016161,40.6093547939827],[-73.942313179749,40.6082764354415],[-73.9393484541341,40.610195379965],[-73.9375389140452,40.6085656285971]]]}},{"type":"Feature","properties":{"name":"Sheepshead Bay-Manhattan Beach-Gerritsen Beach","borough":"Brooklyn"},"geometry":{"type":"Polygon","coordinates":[[[-73.9276007813981,40.595069016142],[-73.9180570988807,40.586444780618],[-73.9191734554742,40.5859633226925],[-73.9196014600289,40.5861731677057],[-73.9208123296061,40.5859923719827],[-73.9209074521401,40.5855988157386],[-73.9223547879771,40.5860321705903],[-73.9246280683213,40.5856413097399],[-73.9252050304182,40.5858145054193],[-73.9272091576961,40.5877309943259],[-73.9276637022054,40.5874783476415],[-73.9272507926408,40.587757926544],[-73.9273582254937,40.5880304110676],[-73.927917673774,40.5875569698841],[-73.9280804842251,40.5877106949626],[-73.9274059383853,40.5882146802829],[-73.9280232688382,40.5880769913194],[-73.9274560941345,40.5883077991011],[-73.9277628527661,40.5886688448311],[-73.9239543634513,40.591148085739],[-73.9242010488504,40.5913725160084],[-73.9246027139561,40.5912075602992],[-73.9286320299463,40.5885808718733],[-73.9283788764623,40.5889895584376],[-73.9289524462961,40.5889178771112],[-73.9286673550406,40.589151498952],[-73.9292210569366,40.5888215805796],[-73.9287584512179,40.5891612018759],[-73.930035690868,40.5894342311566],[-73.9306535558672,40.5902992146201],[-73.930355061303,40.5925631860628],[-73.9297142370258,40.5931282840491],[-73.9300438009059,40.5930691145437],[-73.9299573364454,40.5933168075504],[-73.9297428897219,40.5931521582346],[-73.9300406408532,40.5933566668289],[-73.929782234144,40.5934449775351],[-73.9299625827895,40.5940139472513],[-73.9302166120843,40.5939811795609],[-73.9300830116003,40.5936036989543],[-73.9302289800305,40.5939388570742],[-73.9305263043488,40.5938884764281],[-73.9305482076335,40.594207539653],[-73.9303007610031,40.5939462903268],[-73.9300415364816,40.5941131231421],[-73.9304338780545,40.5944109104045],[-73.9312219769663,40.5941915526528],[-73.9309560516125,40.5944741808957],[-73.9313682662735,40.59453740771],[-73.9317652915314,40.5942923344091],[-73.9307827314381,40.5945071906722],[-73.9326056237435,40.5949377805031],[-73.9328279668373,40.5948119806215],[-73.9326779564019,40.5942446532802],[-73.9311409782187,40.5920171644525],[-73.9314013971995,40.5918131256179],[-73.9310113101542,40.5919392778532],[-73.9315608114824,40.5913011992413],[-73.931214366004,40.5895395430877],[-73.9306870978359,40.5888301890354],[-73.93009279925,40.5889970967915],[-73.9306516364218,40.5886781052065],[-73.9304010923452,40.5884737554705],[-73.9297298800701,40.5886221513039],[-73.9303868691301,40.5884498505569],[-73.9297237421057,40.587568317713],[-73.9313505951248,40.5873364014014],[-73.9312533296572,40.5868580597285],[-73.9285753553145,40.5870697361062],[-73.9280837455852,40.5867059276025],[-73.9281511102751,40.5861863413261],[-73.9279207532394,40.5861440408262],[-73.9282781409926,40.5861151784371],[-73.9281584225945,40.5858727573408],[-73.9273709730317,40.5860148197486],[-73.9275176354231,40.5864065006946],[-73.9273057539182,40.5858741625881],[-73.9255300237049,40.584986610819],[-73.9262767102778,40.585360881856],[-73.9258347737277,40.5849613113914],[-73.9272179069213,40.5847916653931],[-73.9314008909219,40.5860881297481],[-73.9312708664639,40.5854446276827],[-73.9301921944831,40.5850938266622],[-73.9300975783704,40.5845103097053],[-73.9320438650646,40.5842421935734],[-73.9319295283256,40.582878002029],[-73.9323783744939,40.5829267440851],[-73.9320198113179,40.5831193590399],[-73.9342111330303,40.5829880315621],[-73.9356921347403,40.583283326997],[-73.9358258108756,40.583029348568],[-73.9357679905619,40.5832857432093],[-73.9361337536836,40.5833227073944],[-73.9360981056933,40.5829569793188],[-73.9365674884774,40.5829658817414],[-73.9363017304155,40.5830111886726],[-73.9365773422771,40.5832487391107],[-73.9369756931609,40.5832385590512],[-73.936634492764,40.5829804450681],[-73.9376341162102,40.5831045015881],[-73.9370070032033,40.5830242523783],[-73.9371260170378,40.5833549639094],[-73.9381205954616,40.5833487120936],[-73.9380956241864,40.5831250444734],[-73.9385541816154,40.5833462188977],[-73.9386289765586,40.5830752551456],[-73.9393029503752,40.5833414487754],[-73.9405788784529,40.5833364595224],[-73.9405675092425,40.5830956012678],[-73.940110456876,40.5830833023252],[-73.9406779974489,40.5830740385827],[-73.940701614686,40.5833358583439],[-73.9410265991437,40.583078595483],[-73.9409356406838,40.5833105399786],[-73.9412029773074,40.5830986982229],[-73.9415755014069,40.5836157890712],[-73.9425527559886,40.5835227092753],[-73.9420217541351,40.5831186565684],[-73.942703098098,40.5835170317966],[-73.943048517049,40.5835003628258],[-73.9425645827121,40.5831355807882],[-73.9431964822172,40.5834978956926],[-73.9435460957102,40.5834792479477],[-73.9430947685823,40.583142778627],[-73.9436929511981,40.5834759871688],[-73.9440690621298,40.5834802430366],[-73.9436373191228,40.5831538073126],[-73.944619708193,40.5835048599298],[-73.9443220185676,40.5831676589105],[-73.9451761988985,40.5835296111506],[-73.9448465503326,40.5831724676413],[-73.9457315712998,40.5835531074191],[-73.9453774734497,40.5831901653165],[-73.9462877682832,40.5835769174724],[-73.9458008337405,40.5832028731774],[-73.946435712333,40.5835713852766],[-73.9467908719727,40.5835586998177],[-73.9463174579816,40.583215172828],[-73.9469193850804,40.5835542665443],[-73.9472697480014,40.5835414143943],[-73.9468234507838,40.5831994247175],[-73.9474701004386,40.5835364281104],[-73.9534946445316,40.5829964308053],[-73.9533027833903,40.5820109824333],[-73.9496981473167,40.5823276340746],[-73.9427420468073,40.5810038224499],[-73.9325814831236,40.5812729741098],[-73.9310616970306,40.5762741529809],[-73.9315039836439,40.5756687380761],[-73.9348623453755,40.5755360286024],[-73.9348949822607,40.5752298785804],[-73.9364724942081,40.5758687285804],[-73.9367089431491,40.5754266591059],[-73.9425104987525,40.5753817863929],[-73.9442805351877,40.5758087426542],[-73.9446346120927,40.575699428042],[-73.9446019606001,40.5752437008717],[-73.9447458369285,40.5755219593539],[-73.9457249415383,40.5755676711396],[-73.9461837967044,40.5753070671261],[-73.9459253232438,40.5751236637628],[-73.9523992518,40.5742552807357],[-73.9541443015697,40.5831143732942],[-73.9564587151671,40.5826670837321],[-73.9572311042558,40.5831538008882],[-73.9591110140059,40.5828649082513],[-73.9601065205837,40.5834165905072],[-73.9603509610026,40.5873145203558],[-73.9561956702758,40.5877700605165],[-73.9570047279353,40.5920104905896],[-73.956078629292,40.592109667095],[-73.9569286214118,40.5966203116509],[-73.9424861530927,40.5982086021527],[-73.9428909602761,40.6003268865569],[-73.9344730059726,40.6012397487309],[-73.9350341643071,40.6017420284865],[-73.9335525896161,40.6026955183011],[-73.9281328126285,40.597786165144],[-73.9295699990887,40.5968285013176],[-73.9276007813981,40.595069016142]]]}},{"type":"Feature","properties":{"name":"Ocean Hill","borough":"Brooklyn"},"geometry":{"type":"Polygon","coordinates":[[[-73.904047811043,40.6792288514034],[-73.9000476738382,40.6769013426056],[-73.9227539906382,40.6671055833144],[-73.9216488998889,40.6788787997336],[-73.9163026150138,40.6785853657664],[-73.9180474870636,40.6872215022341],[-73.904047811043,40.6792288514034]]]}},{"type":"Feature","properties":{"name":"Brownsville","borough":"Brooklyn"},"geometry":{"type":"Polygon","coordinates":[[[-73.9008527673802,40.6653541457986],[-73.9004296847396,40.663816248753],[-73.9014525575649,40.6636666150783],[-73.9006625976573,40.6605944083525],[-73.8996537434517,40.6607436667905],[-73.8987900031012,40.6574211371797],[-73.9004890829687,40.6571569295339],[-73.9031799947115,40.6553198825586],[-73.9078448766667,40.6545997796664],[-73.9074017699488,40.652852238233],[-73.9085593182139,40.6521041856974],[-73.9093364070678,40.6528168401604],[-73.9101239704772,40.6558600206422],[-73.9123660033757,40.6555218141931],[-73.9181863469716,40.6607344581763],[-73.9190982324605,40.6642387343773],[-73.9216571338241,40.6638518254217],[-73.9243924125428,40.6663896734322],[-73.9034756361915,40.6755149364559],[-73.9008527673802,40.6653541457986]]]}},{"type":"Feature","properties":{"name":"East Flatbush-Erasmus","borough":"Brooklyn"},"geometry":{"type":"Polygon","coordinates":[[[-73.942402903115,40.6558930590601],[-73.9418934672287,40.6511775929444],[-73.9428268417855,40.6511182304759],[-73.9426325551103,40.649348003904],[-73.9431238729098,40.6493174305769],[-73.9430052685186,40.6486030149362],[-73.9435310042312,40.6485854901235],[-73.9433752722451,40.6471229489282],[-73.9443451981389,40.6470864468523],[-73.9441706425297,40.6454374325747],[-73.9460735921731,40.6453200573359],[-73.9458702166664,40.6434319895046],[-73.9477913709713,40.6433139812562],[-73.9474443924368,40.6400559099263],[-73.9484148586734,40.6399957087177],[-73.9482664214541,40.6386154340775],[-73.9536014735559,40.6384305910953],[-73.9541278378442,40.6391695430545],[-73.9547316750304,40.6447808232145],[-73.9556533894815,40.6466386558322],[-73.9581081504859,40.6465262549382],[-73.9587093278272,40.6503955195989],[-73.955826611761,40.6505380540234],[-73.9563899444338,40.655882812874],[-73.9501610868195,40.6562684788528],[-73.9500680757479,40.6554312443072],[-73.942402903115,40.6558930590601]]]}},{"type":"Feature","properties":{"name":"East Flatbush-Farragut","borough":"Brooklyn"},"geometry":{"type":"Polygon","coordinates":[[[-73.9373845127415,40.6449131331174],[-73.937285693959,40.6439659673272],[-73.9257230670518,40.6446816297595],[-73.9253837479163,40.6423927780754],[-73.9265263260632,40.6365009680107],[-73.9274496403051,40.6352666534945],[-73.9372684220952,40.6346588696514],[-73.9370188831442,40.6323192221604],[-73.9456189707441,40.6317856729314],[-73.9458691597798,40.6341257912299],[-73.9477747283939,40.6340063996774],[-73.9484148586734,40.6399957087177],[-73.9474443924368,40.6400559099263],[-73.9477913709713,40.6433139812562],[-73.9458702166664,40.6434319895046],[-73.9460735921731,40.6453200573359],[-73.9441706425297,40.6454374325747],[-73.9443451981389,40.6470864468523],[-73.9433752722451,40.6471229489282],[-73.9433097422487,40.6465349778048],[-73.9428010338586,40.6465508629326],[-73.9426096699012,40.644670107638],[-73.9373845127415,40.6449131331174]]]}},{"type":"Feature","properties":{"name":"East Flatbush-Rugby","borough":"Brooklyn"},"geometry":{"type":"Polygon","coordinates":[[[-73.9199520458585,40.6447158772917],[-73.9197387864861,40.6427863940288],[-73.9232996614458,40.6399314666667],[-73.9235666760244,40.642507543781],[-73.9255042015344,40.6423834003559],[-73.9257230670518,40.6446816297595],[-73.937285693959,40.6439659673272],[-73.9373845127415,40.6449131331174],[-73.9326156029886,40.6452537243139],[-73.9330008905658,40.6487945219022],[-73.9387082602556,40.6485256897553],[-73.9388628609342,40.6495801875661],[-73.9426325551103,40.649348003904],[-73.9428268417855,40.6511182304759],[-73.9418934672287,40.6511775929444],[-73.942402903115,40.6558930590601],[-73.9309049690747,40.656618603993],[-73.9310846515601,40.6583041643701],[-73.933997269487,40.6581268945902],[-73.9342317965557,40.6604234825879],[-73.931327117707,40.6606015563029],[-73.9316088544059,40.6635649726465],[-73.9306860748144,40.6636287266677],[-73.9246448739876,40.658191406857],[-73.9254084176396,40.6576882182712],[-73.9208990637008,40.6536333546599],[-73.9199520458585,40.6447158772917]]]}},{"type":"Feature","properties":{"name":"East Flatbush-Remsen Village","borough":"Brooklyn"},"geometry":{"type":"Polygon","coordinates":[[[-73.9085593182139,40.6521041856974],[-73.9199520458585,40.6447158772917],[-73.9208990637008,40.6536333546599],[-73.9254084176396,40.6576882182712],[-73.9246448739876,40.658191406857],[-73.9306860748144,40.6636287266677],[-73.9243924125428,40.6663896734322],[-73.9216571338241,40.6638518254217],[-73.9190982324605,40.6642387343773],[-73.9181863469716,40.6607344581763],[-73.9123660033757,40.6555218141931],[-73.9101239704772,40.6558600206422],[-73.9093364070678,40.6528168401604],[-73.9085593182139,40.6521041856974]]]}},{"type":"Feature","properties":{"name":"Flatlands","borough":"Brooklyn"},"geometry":{"type":"Polygon","coordinates":[[[-73.9186036623984,40.6320765718726],[-73.9169044402164,40.616282470486],[-73.9205283553799,40.6139509349969],[-73.9206254170297,40.614846921838],[-73.9264018624467,40.6144867754227],[-73.9262991154722,40.6132003953177],[-73.931733209608,40.6179351617769],[-73.9332059945678,40.6169786828975],[-73.9368684162005,40.6202615223962],[-73.9407905621058,40.6177050299126],[-73.9434710422286,40.6173932422392],[-73.945738342458,40.6153716461474],[-73.946515155113,40.6195022598275],[-73.9445197555952,40.6197218873825],[-73.9454258514418,40.6245038507935],[-73.9464240834238,40.6243938084252],[-73.9473281462826,40.6291748092565],[-73.9441567753606,40.629516527935],[-73.9464810408683,40.6317164047558],[-73.9370188831442,40.6323192221604],[-73.9372684220952,40.6346588696514],[-73.9274496403051,40.6352666534945],[-73.9265263260632,40.6365009680107],[-73.9261651954719,40.6375812056161],[-73.9253837479163,40.6423927780754],[-73.9235666760244,40.642507543781],[-73.9232996614458,40.6399314666667],[-73.9197387864861,40.6427863940288],[-73.9186036623984,40.6320765718726]]]}},{"type":"Feature","properties":{"name":"Marine Park-Mill Basin-Bergen Beach","borough":"Brooklyn"},"geometry":{"type":"Polygon","coordinates":[[[-73.9171965652926,40.6317464498539],[-73.9174677922553,40.6311877219406],[-73.9165931127458,40.6304601013453],[-73.9038568164645,40.6249484409302],[-73.9053309914826,40.6258731989484],[-73.9025479711859,40.6244524818514],[-73.9032718697342,40.6244924266054],[-73.9026947428127,40.6242215775046],[-73.9028340323603,40.6240592370441],[-73.9022884892974,40.6244180966144],[-73.9029176058898,40.6239627738292],[-73.9028343152449,40.6236116048048],[-73.9022136693704,40.6235805262316],[-73.9018687140284,40.6229706865074],[-73.9009510916372,40.6226217132557],[-73.9005979641248,40.6217380981399],[-73.9001644177111,40.6216853364648],[-73.9019909167003,40.6205704324078],[-73.8981021444075,40.6170522271269],[-73.8985391185926,40.6162734196617],[-73.8985575491904,40.6151569151662],[-73.9021318117935,40.6127882416663],[-73.9034741742501,40.6139948537617],[-73.9041912331773,40.6135728013381],[-73.9060346998547,40.6149616299148],[-73.9069642467645,40.6161222584693],[-73.9071743225327,40.6160181162016],[-73.9067398975757,40.6163041614273],[-73.9072582667164,40.6160958222523],[-73.9070848807017,40.6162296079311],[-73.9074439652569,40.6162667761007],[-73.9070230178017,40.6165418413282],[-73.9075287624888,40.6163526739681],[-73.9072431049158,40.6165597428548],[-73.9083878739031,40.6173992698678],[-73.9090728632505,40.617168679355],[-73.9083554435904,40.616539239886],[-73.9087956197966,40.6168811983009],[-73.9091399435612,40.6165398626263],[-73.9079744751785,40.6157450853454],[-73.9081580498406,40.6156093648001],[-73.9091781627603,40.6165301878742],[-73.9089584729508,40.6169997263158],[-73.9096454722621,40.6165836128903],[-73.909009238914,40.6157810276599],[-73.9077773731186,40.6152513864453],[-73.9042171047923,40.612364812279],[-73.904287414203,40.6120250217165],[-73.9035112167477,40.6114147309608],[-73.9033118796545,40.611555404487],[-73.903495483397,40.611397249328],[-73.9031371965097,40.61097577817],[-73.9022600087888,40.6104310125363],[-73.9016435265501,40.6057715997809],[-73.905244419012,40.6049183290726],[-73.9059760218516,40.6063922677173],[-73.9080996298384,40.6062868745278],[-73.9086410062968,40.606666961022],[-73.9098529597455,40.6060079609801],[-73.9083267790378,40.6040816128981],[-73.9109241116951,40.603513714878],[-73.9136526099818,40.6039907521103],[-73.9167369784049,40.6068228002727],[-73.916323713697,40.6086839022744],[-73.9167853573453,40.6087821224926],[-73.916572153481,40.609431778787],[-73.9168412242213,40.6087682538214],[-73.9165106582793,40.6086379931768],[-73.91708979881,40.6088290935005],[-73.9161661639597,40.610523814546],[-73.9144968351762,40.6116614634166],[-73.9149356012989,40.6139663957469],[-73.9138619437008,40.614650508427],[-73.9142821398744,40.6149470565927],[-73.9164224038827,40.6135775947538],[-73.915915934809,40.6138536164454],[-73.9157694872027,40.613548573414],[-73.9159731454729,40.6138160749877],[-73.9162491033923,40.6136343403669],[-73.9157472659246,40.6133930997463],[-73.9163972812912,40.6134550740726],[-73.9158722789957,40.6129182773413],[-73.916629457618,40.6134518292947],[-73.9157332327941,40.6118390842573],[-73.9181117803167,40.6102166339019],[-73.9177332688792,40.6097907774728],[-73.9178678003253,40.6093354729778],[-73.9176801215897,40.6096711031932],[-73.9179641148847,40.6087941761876],[-73.9178211417536,40.60931253924],[-73.9185580754327,40.6085065480334],[-73.9180064190413,40.6081580174554],[-73.9181886999811,40.6080328198205],[-73.9185749899405,40.6084961857773],[-73.9190087851704,40.6082754944021],[-73.9181395629407,40.6076536262472],[-73.9183638814806,40.6075096087221],[-73.9190245220147,40.6082651071257],[-73.9193553986363,40.6080511611599],[-73.9182541049829,40.6072375893917],[-73.9185044182626,40.607079475241],[-73.9195050036871,40.6079831433319],[-73.9179512189072,40.6062174909034],[-73.9185290215283,40.6061216056647],[-73.9197107009551,40.6073104019948],[-73.920660031233,40.6067627819546],[-73.9215857055961,40.6076473246118],[-73.9244428585588,40.6058018082373],[-73.9262502662225,40.6074217607676],[-73.9298702187808,40.605079580052],[-73.9335145256781,40.6083516947502],[-73.9342329941647,40.6079059541821],[-73.9360476960389,40.6095231074966],[-73.9375389140452,40.6085656285971],[-73.9393484541341,40.610195379965],[-73.942313179749,40.6082764354415],[-73.9435484016161,40.6093547939827],[-73.9448291321714,40.6160544486657],[-73.9434710422286,40.6173932422392],[-73.9407905621058,40.6177050299126],[-73.9368684162005,40.6202615223962],[-73.9332059945678,40.6169786828975],[-73.931733209608,40.6179351617769],[-73.9262991154722,40.6132003953177],[-73.9264018624467,40.6144867754227],[-73.9206254170297,40.614846921838],[-73.9205283553799,40.6139509349969],[-73.9169044402164,40.616282470486],[-73.9186036623984,40.6320765718726],[-73.9171965652926,40.6317464498539]]]}},{"type":"Feature","properties":{"name":"Canarsie","borough":"Brooklyn"},"geometry":{"type":"MultiPolygon","coordinates":[[[[-73.8883406989178,40.6467184758509],[-73.8885343194416,40.6468701300256],[-73.8883406989178,40.6467184758509]]],[[[-73.8912199423012,40.6499959466604],[-73.8905693359021,40.649216880809],[-73.8910171867582,40.6493502559007],[-73.8910975230182,40.6488207469811],[-73.8894521492968,40.6471822027765],[-73.8887983158618,40.6460585057709],[-73.8893774366203,40.6469830019359],[-73.8888668243776,40.6472282837302],[-73.8886007326004,40.6467207163662],[-73.8880827945524,40.6466288180596],[-73.8882912209561,40.6460524626343],[-73.8874110077766,40.6453375279394],[-73.8880572784279,40.6451280344359],[-73.8873035809953,40.6452041729342],[-73.8862378744984,40.6438250351209],[-73.8837371925111,40.6424585961529],[-73.8807903016161,40.6397656789831],[-73.8859455817978,40.6362350568134],[-73.882889912269,40.6334447327472],[-73.8854427657445,40.6314098774738],[-73.8874774963435,40.6301280229506],[-73.8889051477875,40.6299241024978],[-73.8901129951841,40.6289839581944],[-73.8920952773139,40.6286659788721],[-73.8922736401867,40.6291161911366],[-73.8908170413261,40.6308621598963],[-73.8927732657292,40.6318169493668],[-73.8995533387647,40.6274749729999],[-73.9014630208147,40.625239662115],[-73.9144621233794,40.6310030745784],[-73.9160622141471,40.6320422939516],[-73.9171965651721,40.6317464500611],[-73.9186036627167,40.6320765722646],[-73.9199520460544,40.6447158777042],[-73.9183029386934,40.6458205098123],[-73.9094498762397,40.6515298471775],[-73.9039834158701,40.6466368147852],[-73.8958629568282,40.6518887760608],[-73.897611541581,40.653462065115],[-73.8935481787474,40.6552109632648],[-73.8917607516912,40.6528073561437],[-73.8900072987401,40.6511569455903],[-73.8912199423012,40.6499959466604]]]]}},{"type":"Feature","properties":{"name":"Mott Haven-Port Morris","borough":"Bronx"},"geometry":{"type":"Polygon","coordinates":[[[-73.9248109669682,40.8156673001081],[-73.9240009403544,40.8154471923199],[-73.9230944259748,40.8167060077843],[-73.9212466235583,40.8162276769147],[-73.9215853485461,40.8155589115408],[-73.9204826001208,40.8145719661898],[-73.9176464546717,40.8160741977299],[-73.9109492128632,40.813629201212],[-73.904466935457,40.8122902398506],[-73.9034186247053,40.8115151621757],[-73.9022937401141,40.804573054646],[-73.904530961777,40.8031785133025],[-73.9074717265992,40.8000117348436],[-73.9085516886359,40.7993157028133],[-73.9083044578561,40.7989674126153],[-73.911689734467,40.7966320466777],[-73.9137239814615,40.7967977150892],[-73.9190332449445,40.7989932235728],[-73.9202421065672,40.7996219642745],[-73.9213287338746,40.8012928683248],[-73.9229285273254,40.8023815721633],[-73.9266593757512,40.8024180806413],[-73.9276293139006,40.8027039427322],[-73.9272841473488,40.8035165413365],[-73.9276464315833,40.8039969103494],[-73.9287275035303,40.8041119022128],[-73.9325285179966,40.8088315595506],[-73.9328755503643,40.8104223215031],[-73.932566463074,40.8108942538694],[-73.9324245070387,40.8141599939968],[-73.9302795563159,40.8132563043748],[-73.928857849853,40.8148881465691],[-73.9273179597226,40.8185679146888],[-73.925186292756,40.8180209492068],[-73.9266286105855,40.8161272390854],[-73.9248109669682,40.8156673001081]]]}},{"type":"Feature","properties":{"name":"Melrose","borough":"Bronx"},"geometry":{"type":"Polygon","coordinates":[[[-73.9012941962202,40.8204837237617],[-73.904466935457,40.8122902398506],[-73.9109492128632,40.813629201212],[-73.9176464546717,40.8160741977299],[-73.9204826001208,40.8145719661898],[-73.9215853485461,40.8155589115408],[-73.9212466235583,40.8162276769147],[-73.9230944259748,40.8167060077843],[-73.9240009403544,40.8154471923199],[-73.9266286105855,40.8161272390854],[-73.925186292756,40.8180209492068],[-73.922654039416,40.8205025956841],[-73.9167754312296,40.8243953687437],[-73.9158787836789,40.8241120138788],[-73.9162173111869,40.8234762114357],[-73.9118175816471,40.8220433034968],[-73.909910364879,40.8225593893694],[-73.9012941962202,40.8204837237617]]]}},{"type":"Feature","properties":{"name":"Hunts Point","borough":"Bronx"},"geometry":{"type":"Polygon","coordinates":[[[-73.8809817101165,40.8182439045487],[-73.8780642448633,40.8161909135652],[-73.8766360129361,40.8157197891798],[-73.8767332683796,40.8153947769977],[-73.8723957908342,40.8139826169976],[-73.8709589481038,40.8121544611914],[-73.8705694797522,40.8120955982057],[-73.8705548329959,40.8112516606399],[-73.8681136014246,40.8067601124581],[-73.8717465046124,40.8015556445972],[-73.8735523771352,40.800861581054],[-73.8746785749203,40.800987700629],[-73.8752665823659,40.8014064308772],[-73.8758592973381,40.8014642659051],[-73.8759313929038,40.8010925008327],[-73.8781436011085,40.8013275690217],[-73.877970216633,40.801719392921],[-73.8782360622382,40.8026550842374],[-73.879214897419,40.8028036058016],[-73.8836968389653,40.8021704022888],[-73.8839660400128,40.801973426495],[-73.8837246813915,40.8018711220648],[-73.8850531385414,40.8021391849278],[-73.887272389467,40.803955280744],[-73.8879603885196,40.8050062045095],[-73.8885935935353,40.8047975531211],[-73.8890658368958,40.8050301914594],[-73.8893678205238,40.8053890589126],[-73.8892255776478,40.8058536304049],[-73.8901489794189,40.804968887789],[-73.889375809327,40.8059335518359],[-73.8900607439213,40.8057126028322],[-73.8915004547731,40.8059395163854],[-73.8914424602095,40.8056701771616],[-73.8917875989009,40.8056311706633],[-73.8919807129957,40.8063929876956],[-73.8927082285488,40.8063522267788],[-73.8921650631229,40.8053108710667],[-73.8912685235711,40.805018767397],[-73.8917338274498,40.8050576413845],[-73.8925680945168,40.805628989056],[-73.8927495582708,40.8063485399858],[-73.894855023922,40.8062231872468],[-73.8948443783664,40.8057322760046],[-73.8950997835558,40.8068719178774],[-73.895507758482,40.8066035839407],[-73.8952810474127,40.8057744630533],[-73.8955925097409,40.8065896219789],[-73.8956716702172,40.8062984095311],[-73.8959793658196,40.8065258949475],[-73.89587623486,40.8058167900527],[-73.8961096641621,40.8065044295478],[-73.8962318263746,40.8062187509412],[-73.8974982389503,40.8062226786954],[-73.8974161463456,40.8058083378928],[-73.8976396068674,40.8062095993242],[-73.8977296919805,40.8059757730763],[-73.898014827875,40.8061748823241],[-73.8978726993968,40.8055432601065],[-73.8981625271459,40.8061463490572],[-73.8981233971246,40.8056659347846],[-73.8985279848602,40.8054425874022],[-73.9009744092598,40.8048843760005],[-73.9022242678432,40.8049563919393],[-73.9030908867283,40.8098646787116],[-73.8975926568151,40.8137851533168],[-73.8954300070568,40.8158529533794],[-73.8970460858066,40.8168101402648],[-73.8928379489471,40.8209823356552],[-73.8916200052017,40.8210211308224],[-73.890825196766,40.8203147639185],[-73.8875659164265,40.8225221511599],[-73.8843864557404,40.8229596517219],[-73.882449210245,40.8192766045861],[-73.8809817101165,40.8182439045487]]]}},{"type":"Feature","properties":{"name":"Longwood","borough":"Bronx"},"geometry":{"type":"Polygon","coordinates":[[[-73.8878888779949,40.8223712957744],[-73.890825196766,40.8203147639185],[-73.8916200052017,40.8210211308224],[-73.8928379489471,40.8209823356552],[-73.8970460858066,40.8168101402648],[-73.8954300070568,40.8158529533794],[-73.8975926568151,40.8137851533168],[-73.9030908867283,40.8098646787116],[-73.9034186247053,40.8115151621757],[-73.904466935457,40.8122902398506],[-73.9006128315209,40.822117089421],[-73.9019890071483,40.8224487046137],[-73.9005068249569,40.8260159046869],[-73.9016503769023,40.8262652606132],[-73.9009365279577,40.8279363843748],[-73.8997989881373,40.8276926369043],[-73.8954866462056,40.8282568242555],[-73.8951116276956,40.8280451822978],[-73.8948366481312,40.8262551242174],[-73.8929336788836,40.8267953192068],[-73.8878965259312,40.8267514681394],[-73.8860976580663,40.8276640609448],[-73.8870680198737,40.8231985591462],[-73.8878888779949,40.8223712957744]]]}},{"type":"Feature","properties":{"name":"Morrisania","borough":"Bronx"},"geometry":{"type":"Polygon","coordinates":[[[-73.8969673102529,40.8343504299051],[-73.8963034187988,40.8335515018743],[-73.897173629583,40.8303771161215],[-73.8966977444641,40.8304227877924],[-73.896397149505,40.8287711624607],[-73.8954866462056,40.8282568242555],[-73.8997989881373,40.8276926369043],[-73.9009365279577,40.8279363843748],[-73.9016503769023,40.8262652606132],[-73.9005068249569,40.8260159046869],[-73.9019890071483,40.8224487046137],[-73.9006128315209,40.822117089421],[-73.9012941962202,40.8204837237617],[-73.909910364879,40.8225593893694],[-73.9118175816471,40.8220433034968],[-73.9162173111869,40.8234762114357],[-73.9158787836789,40.8241120138788],[-73.9167754312296,40.8243953687437],[-73.9160892537573,40.8248461333135],[-73.9166151104419,40.8250005900019],[-73.9154125078141,40.8257821908124],[-73.9147526360811,40.8252087550341],[-73.9135133417716,40.8248132269895],[-73.9131681690913,40.8254647370182],[-73.9113111688223,40.8248568405471],[-73.9117950440674,40.8264364375456],[-73.9116957269945,40.8277669980171],[-73.9089613267601,40.8302345168349],[-73.9055325896827,40.8291124152763],[-73.9012267713775,40.8355081953249],[-73.8969673102529,40.8343504299051]]]}},{"type":"Feature","properties":{"name":"Claremont Village-Claremont (East)","borough":"Bronx"},"geometry":{"type":"Polygon","coordinates":[[[-73.9013187209458,40.8444822273735],[-73.8947916403996,40.8437286078911],[-73.8953797821063,40.8429470652055],[-73.8966630380804,40.8435328928838],[-73.9012267713775,40.8355081953249],[-73.9055325896827,40.8291124152763],[-73.9104915309984,40.8307456563673],[-73.9053850033878,40.8397772692509],[-73.9057072345343,40.8397310854523],[-73.9051610302759,40.8410199228365],[-73.9048339235918,40.8448503572457],[-73.9013187209458,40.8444822273735]]]}},{"type":"Feature","properties":{"name":"Crotona Park East","borough":"Bronx"},"geometry":{"type":"Polygon","coordinates":[[[-73.8800532996975,40.834710343874],[-73.8839023637088,40.8298111004913],[-73.8835216030259,40.82926846598],[-73.8846147758789,40.8252847864931],[-73.8843864557404,40.8229596517219],[-73.8878888779949,40.8223712957744],[-73.8870680198737,40.8231985591462],[-73.8860976580663,40.8276640609448],[-73.8878965259312,40.8267514681394],[-73.8929336788836,40.8267953192068],[-73.8948366481312,40.8262551242174],[-73.8951116276956,40.8280451822978],[-73.896397149505,40.8287711624607],[-73.8966977444641,40.8304227877924],[-73.897173629583,40.8303771161215],[-73.8963034187988,40.8335515018743],[-73.8969673102529,40.8343504299051],[-73.8938576617502,40.836403386752],[-73.8905750517035,40.8369093327661],[-73.8887420963603,40.8379767448841],[-73.8884132894138,40.8385616766985],[-73.8872988573091,40.838143674128],[-73.8861857379631,40.8401133304879],[-73.8846503977154,40.83918291849],[-73.8841828480221,40.8393435925787],[-73.8827114639043,40.8386344080592],[-73.8820098626896,40.8374521078628],[-73.8822284029078,40.8354607423522],[-73.8800532996975,40.834710343874]]]}},{"type":"Feature","properties":{"name":"Concourse-Concourse Village","borough":"Bronx"},"geometry":{"type":"Polygon","coordinates":[[[-73.9086927360948,40.8339466302952],[-73.9104915309984,40.8307456563673],[-73.9089613267601,40.8302345168349],[-73.9116957269945,40.8277669980171],[-73.9117950440674,40.8264364375456],[-73.9113111688223,40.8248568405471],[-73.9131681690913,40.8254647370182],[-73.9135133417716,40.8248132269895],[-73.9147526360811,40.8252087550341],[-73.9154125078141,40.8257821908124],[-73.9166151104419,40.8250005900019],[-73.9160892537573,40.8248461333135],[-73.922654039416,40.8205025956841],[-73.925186292756,40.8180209492068],[-73.9273179597226,40.8185679146888],[-73.928857849853,40.8148881465691],[-73.9302795563159,40.8132563043748],[-73.9324245070387,40.8141599939968],[-73.9324012570911,40.8211538476191],[-73.9330739421675,40.8281644340746],[-73.9309608236246,40.8283453711068],[-73.9306870462723,40.8270688811324],[-73.9271543429592,40.8257321961095],[-73.9222187904285,40.8341712241621],[-73.9231784604674,40.8345421306742],[-73.9223736595783,40.8361170262793],[-73.9200194219618,40.8376644130182],[-73.920481238842,40.8371478202171],[-73.9164757606728,40.8357873145042],[-73.9158721015744,40.8364018779919],[-73.9086927360948,40.8339466302952]]]}},{"type":"Feature","properties":{"name":"Highbridge","borough":"Bronx"},"geometry":{"type":"Polygon","coordinates":[[[-73.922859763691,40.8442743483381],[-73.922820173044,40.8427594407757],[-73.9213199175389,40.8399116256585],[-73.922245603528,40.8378578487542],[-73.9223736595783,40.8361170262793],[-73.9240329995249,40.8350691569272],[-73.9253768299265,40.8326363788543],[-73.9282587317188,40.8295387973334],[-73.9303407611437,40.8285038372686],[-73.9330739421675,40.8281644340746],[-73.9336073523062,40.8327978129434],[-73.9331444990286,40.8352024115304],[-73.9305171552433,40.8399419271165],[-73.9286171784028,40.8446851506201],[-73.9280489149466,40.845472881049],[-73.9239273095946,40.8447950664415],[-73.922859763691,40.8442743483381]]]}},{"type":"Feature","properties":{"name":"Mount Eden-Claremont (West)","borough":"Bronx"},"geometry":{"type":"Polygon","coordinates":[[[-73.9048363647671,40.8447609042696],[-73.9050165729356,40.842412984294],[-73.9086585819285,40.8427276560462],[-73.9086263709234,40.8430254502823],[-73.9095357051538,40.8430711022525],[-73.9096259797091,40.8421179105989],[-73.9088790237173,40.8389111776061],[-73.9091023459196,40.8377418009174],[-73.9096359146141,40.8371336028936],[-73.9079413109735,40.8372405497506],[-73.9053850033878,40.8397772692509],[-73.9086927360948,40.8339466302952],[-73.9158721015744,40.8364018779919],[-73.9164757606728,40.8357873145042],[-73.920481238842,40.8371478202171],[-73.9200194219618,40.8376644130182],[-73.9223736595783,40.8361170262793],[-73.922245603528,40.8378578487542],[-73.9213161829295,40.8398216542661],[-73.922820173044,40.8427594407757],[-73.9226532824953,40.8447534449609],[-73.9133777348306,40.8451516773529],[-73.9048363647671,40.8447609042696]]]}},{"type":"Feature","properties":{"name":"University Heights (South)-Morris Heights","borough":"Bronx"},"geometry":{"type":"Polygon","coordinates":[[[-73.9048698962353,40.8587015132004],[-73.9056609587464,40.8574070228741],[-73.9046851375897,40.8570685899035],[-73.9052231238842,40.8562118832977],[-73.9105831242467,40.8501898824512],[-73.9141864493515,40.845143232505],[-73.9226532824953,40.8447534449609],[-73.922859763691,40.8442743483381],[-73.9239273095946,40.8447950664415],[-73.9280489149466,40.845472881049],[-73.9246552294058,40.8497933300732],[-73.922563219766,40.8531971988263],[-73.9213435068175,40.8543257227173],[-73.9215168671014,40.8545183509825],[-73.9208021327633,40.8553891016808],[-73.9203017018362,40.8552546581165],[-73.9205279611292,40.8556949557575],[-73.9190251191305,40.8574048261551],[-73.9174079961157,40.8570596973269],[-73.9171896390224,40.8559271093459],[-73.9172094393167,40.856846588113],[-73.9161608436301,40.8587928550012],[-73.9150832454628,40.8592000871717],[-73.9154268736245,40.8587369295951],[-73.9132857975691,40.8596268902105],[-73.9105694195145,40.8586288825168],[-73.9096689040752,40.8574932367406],[-73.9077762679759,40.8596178086933],[-73.9048698962353,40.8587015132004]]]}},{"type":"Feature","properties":{"name":"Mount Hope","borough":"Bronx"},"geometry":{"type":"Polygon","coordinates":[[[-73.8964419463689,40.8549160472028],[-73.895610253659,40.8545786586106],[-73.9013187209458,40.8444822273735],[-73.9141864493515,40.845143232505],[-73.9105831242467,40.8501898824512],[-73.9055714974222,40.8557956112987],[-73.9039654700245,40.8549683899847],[-73.9018613836158,40.85459443806],[-73.9007806503038,40.8560553978472],[-73.8981671964811,40.8551546644264],[-73.8986368592315,40.8539152632112],[-73.8971006893261,40.8551805800238],[-73.8964419463689,40.8549160472028]]]}},{"type":"Feature","properties":{"name":"Fordham Heights","borough":"Bronx"},"geometry":{"type":"Polygon","coordinates":[[[-73.8917733076232,40.8618800068238],[-73.8913816530772,40.8617088783168],[-73.8932166282135,40.8598824952866],[-73.8964419463689,40.8549160472028],[-73.8971006893261,40.8551805800238],[-73.8986368592315,40.8539152632112],[-73.8981671964811,40.8551546644264],[-73.9007806503038,40.8560553978472],[-73.9018613836158,40.85459443806],[-73.9039654700245,40.8549683899847],[-73.9055714974222,40.8557956112987],[-73.9046851375897,40.8570685899035],[-73.9056609587464,40.8574070228741],[-73.9035153296423,40.8609257996271],[-73.9025462169342,40.8605865442771],[-73.9010810928481,40.8627646728406],[-73.8994381311711,40.8621252014165],[-73.8969404186166,40.862451219253],[-73.8917733076232,40.8618800068238]]]}},{"type":"Feature","properties":{"name":"West Farms","borough":"Bronx"},"geometry":{"type":"Polygon","coordinates":[[[-73.8728359512782,40.8397631498062],[-73.8739295937222,40.8359985977579],[-73.8767346479694,40.8362139031381],[-73.8792538087078,40.8344330746416],[-73.8822284029078,40.8354607423522],[-73.8820098626896,40.8374521078628],[-73.8827114639043,40.8386344080592],[-73.8841828480221,40.8393435925787],[-73.8846503977154,40.83918291849],[-73.8861857379631,40.8401133304879],[-73.8852042799056,40.8449910271069],[-73.8835186401757,40.8471765453377],[-73.883121241727,40.8482293795873],[-73.8773404867408,40.8440000416417],[-73.8781768836879,40.8426259828331],[-73.8745931672558,40.8415289337359],[-73.8740161039403,40.8425459642349],[-73.8721114300331,40.8437083852671],[-73.871862441545,40.8445034344876],[-73.8711744482966,40.8447809506436],[-73.8709736005807,40.8459672417673],[-73.8703567991425,40.8466321030314],[-73.8698757240189,40.8466257454472],[-73.8688938455273,40.848120610314],[-73.8695640024715,40.8480270015518],[-73.86921085865,40.8492466612697],[-73.8678613417726,40.8488732197591],[-73.8683560708514,40.8470885208885],[-73.8689279389889,40.846890028053],[-73.868638628434,40.845318130413],[-73.8680434155659,40.844822126377],[-73.8709965938262,40.8431196786785],[-73.8735985485795,40.839806842333],[-73.8728359512782,40.8397631498062]]]}},{"type":"Feature","properties":{"name":"Tremont","borough":"Bronx"},"geometry":{"type":"Polygon","coordinates":[[[-73.883121241727,40.8482293795873],[-73.8835186401757,40.8471765453377],[-73.8852042799056,40.8449910271069],[-73.8861857379631,40.8401133304879],[-73.8865994404915,40.8392873361171],[-73.8881389393833,40.8398702884536],[-73.8886918260138,40.8391663117096],[-73.8894186659836,40.83943101915],[-73.8953797821063,40.8429470652055],[-73.8947916403996,40.8437286078911],[-73.9013187209458,40.8444822273735],[-73.8953454781415,40.8547048381345],[-73.8940017553821,40.8542602225061],[-73.8942068743444,40.8538632179672],[-73.8921682936781,40.8527777506728],[-73.8903909592884,40.8546973468046],[-73.8896111992159,40.8536301690866],[-73.8899717031275,40.8521115176802],[-73.8882411588028,40.851043654492],[-73.8873580382432,40.850882185196],[-73.883121241727,40.8482293795873]]]}},{"type":"Feature","properties":{"name":"Belmont","borough":"Bronx"},"geometry":{"type":"Polygon","coordinates":[[[-73.8830952421818,40.8666104758242],[-73.8826776649652,40.8660974328654],[-73.8837689099428,40.8653230436936],[-73.8839253755562,40.8644260527174],[-73.8820093585569,40.8620551433104],[-73.8807413703306,40.8611345201196],[-73.8805068968224,40.8604858515631],[-73.8810082062149,40.8582763124046],[-73.8807318444146,40.8566848943571],[-73.883121241727,40.8482293795873],[-73.8873580382432,40.850882185196],[-73.8882411588028,40.851043654492],[-73.8899717031275,40.8521115176802],[-73.8896111992159,40.8536301690866],[-73.8903909592884,40.8546973468046],[-73.8921682936781,40.8527777506728],[-73.8942068743444,40.8538632179672],[-73.8940017553821,40.8542602225061],[-73.8964419463689,40.8549160472028],[-73.8932166282135,40.8598824952866],[-73.8913816530772,40.8617088783168],[-73.8917733076232,40.8618800068238],[-73.8888970796491,40.8647624434721],[-73.8881242068082,40.8642628612451],[-73.8868345893585,40.8653982842926],[-73.8836265993036,40.8672658794188],[-73.8830952421818,40.8666104758242]]]}},{"type":"Feature","properties":{"name":"University Heights (North)-Fordham","borough":"Bronx"},"geometry":{"type":"Polygon","coordinates":[[[-73.9061481148429,40.8732684960207],[-73.9045221295329,40.8725035024042],[-73.9044214563028,40.8703695667869],[-73.903188098393,40.8691572825859],[-73.8994257847671,40.8678891281931],[-73.8996044266083,40.8687364988924],[-73.8989199658217,40.8696668653285],[-73.8965620282109,40.8685734912981],[-73.8974046545453,40.8674824801789],[-73.8941242715287,40.8659482963168],[-73.8937174062203,40.865301389172],[-73.8932333433649,40.8652811683659],[-73.8901630562229,40.863484652765],[-73.8917733076232,40.8618800068238],[-73.8969404186166,40.862451219253],[-73.8994381311711,40.8621252014165],[-73.9010810928481,40.8627646728406],[-73.9025462169342,40.8605865442771],[-73.9035153296423,40.8609257996271],[-73.9048698962353,40.8587015132004],[-73.9077762679759,40.8596178086933],[-73.9096689040752,40.8574932367406],[-73.9105694195145,40.8586288825168],[-73.9132857975691,40.8596268902105],[-73.9154268736245,40.8587369295951],[-73.9150832454628,40.8592000871717],[-73.9161608436301,40.8587928550012],[-73.9172094393167,40.856846588113],[-73.9171896390224,40.8559271093459],[-73.9174079961157,40.8570596973269],[-73.9190251191305,40.8574048261551],[-73.917208075404,40.8589372108401],[-73.9134160499242,40.8633757828061],[-73.912764147712,40.8630374637224],[-73.9122742174074,40.8636404381939],[-73.9127990491109,40.8639071651663],[-73.9125274728975,40.8638035125554],[-73.9126777673326,40.8640294008609],[-73.9104407379609,40.8665412294777],[-73.9094980701871,40.8688394469503],[-73.9086508580615,40.8713940746413],[-73.9089337788392,40.8721656389493],[-73.9077441337087,40.8728542432663],[-73.9074663233184,40.8735556455375],[-73.9061481148429,40.8732684960207]]]}},{"type":"Feature","properties":{"name":"Bedford Park","borough":"Bronx"},"geometry":{"type":"Polygon","coordinates":[[[-73.8871299267044,40.8828237188702],[-73.8859521368648,40.8805157055483],[-73.8856765996294,40.878880803914],[-73.8852782504604,40.8792259621771],[-73.8834572117807,40.8760643882723],[-73.8834017709935,40.8739549194916],[-73.8825553332456,40.8724655796752],[-73.8814703140229,40.8685819375045],[-73.8868345893585,40.8653982842926],[-73.8881242068082,40.8642628612451],[-73.8888970796491,40.8647624434721],[-73.8901630562229,40.863484652765],[-73.8932333433649,40.8652811683659],[-73.8937174062203,40.865301389172],[-73.8941242715287,40.8659482963168],[-73.8974046545453,40.8674824801789],[-73.8965620282109,40.8685734912981],[-73.8989199658217,40.8696668653285],[-73.8977910452546,40.8708649345139],[-73.8981144179772,40.8731186497486],[-73.8987361689719,40.8740143463426],[-73.9002184858786,40.8743978044084],[-73.9004184178142,40.8751259677442],[-73.8998125132584,40.8764071177107],[-73.8970276983215,40.8795295126695],[-73.8963777450485,40.8818296219034],[-73.8955308413229,40.8824644498761],[-73.8941980649906,40.8830288950692],[-73.8916332803169,40.8823474044212],[-73.8871299267044,40.8828237188702]]]}},{"type":"Feature","properties":{"name":"Norwood","borough":"Bronx"},"geometry":{"type":"Polygon","coordinates":[[[-73.8708370924473,40.880462409218],[-73.8701545997922,40.8803591220005],[-73.8716086010286,40.8769298663969],[-73.8751899165282,40.8715840493621],[-73.8769449362791,40.8699629739123],[-73.8830952421818,40.8666104758242],[-73.8836265993036,40.8672658794188],[-73.8814703140229,40.8685819375045],[-73.8825553332456,40.8724655796752],[-73.8834017709935,40.8739549194916],[-73.8834572117807,40.8760643882723],[-73.8852782504604,40.8792259621771],[-73.8856765996294,40.878880803914],[-73.8859521368648,40.8805157055483],[-73.887166472728,40.8825848056745],[-73.8870528461709,40.8843578699732],[-73.8842182525513,40.8832059857432],[-73.8827497523168,40.8834056815633],[-73.8812456427164,40.8827179276848],[-73.8780370408059,40.8871266167384],[-73.8776081832513,40.8845313392846],[-73.8781271692061,40.8821619799901],[-73.8747039715812,40.8815621175703],[-73.8749473126674,40.8799559636559],[-73.8708370924473,40.880462409218]]]}},{"type":"Feature","properties":{"name":"Kingsbridge Heights-Van Cortlandt Village","borough":"Bronx"},"geometry":{"type":"Polygon","coordinates":[[[-73.8870528461709,40.8843578699732],[-73.8871299267044,40.8828237188702],[-73.8916332803169,40.8823474044212],[-73.8943334250862,40.8830168266068],[-73.8963777450485,40.8818296219034],[-73.8968980464714,40.8797364196419],[-73.8998125132584,40.8764071177107],[-73.9004184178142,40.8751259677442],[-73.9001152847426,40.8743207764052],[-73.8984364239224,40.8737650886541],[-73.8978222081839,40.8719683410063],[-73.8977910452546,40.8708649345139],[-73.8996044266083,40.8687364988924],[-73.8994257847671,40.8678891281931],[-73.9023594725686,40.8687044114869],[-73.9044214563028,40.8703695667869],[-73.9044704388765,40.8724238118638],[-73.9061481148429,40.8732684960207],[-73.9045293661628,40.8770724702001],[-73.9033958224193,40.8790024878818],[-73.8978235474629,40.8850850643105],[-73.8966838541432,40.8859728849584],[-73.8870528461709,40.8843578699732]]]}},{"type":"Feature","properties":{"name":"Kingsbridge-Marble Hill","borough":"Bronx"},"geometry":{"type":"Polygon","coordinates":[[[-73.8984636688656,40.8894849871675],[-73.8999056798655,40.8865680178628],[-73.8966838541432,40.8859728849584],[-73.8986019880371,40.8844130598061],[-73.903767127718,40.8785369304599],[-73.9061481148429,40.8732684960207],[-73.9074663233184,40.8735556455375],[-73.9077441337087,40.8728542432663],[-73.9089337788392,40.8721656389493],[-73.910922606616,40.8741546878395],[-73.915786584556,40.8757252371677],[-73.9148476701578,40.8766750024307],[-73.9120597280907,40.8781276125843],[-73.911490559345,40.879027151038],[-73.9103333627348,40.8790463395801],[-73.9096801110006,40.8795228807279],[-73.9104963317449,40.8805335707271],[-73.9093835269802,40.8813716199381],[-73.908023829464,40.8832096271245],[-73.9075867547248,40.8843975949277],[-73.9041378494186,40.887089003092],[-73.9028609154721,40.8891730385172],[-73.9008025627434,40.8889470624019],[-73.8985405432352,40.8903973689455],[-73.8984527201855,40.890717261117],[-73.8979160506711,40.8905549879591],[-73.8984636688656,40.8894849871675]]]}},{"type":"Feature","properties":{"name":"Riverdale-Spuyten Duyvil","borough":"Bronx"},"geometry":{"type":"Polygon","coordinates":[[[-73.8966347635031,40.9114256744216],[-73.8963592839952,40.9032084297331],[-73.8971585959576,40.8993801240514],[-73.8964331306725,40.8936635760432],[-73.8979160506711,40.8905549879591],[-73.8984527201855,40.890717261117],[-73.8985405432352,40.8903973689455],[-73.9008392546857,40.8889344547716],[-73.9028609154721,40.8891730385172],[-73.9041378494186,40.887089003092],[-73.9075867547248,40.8843975949277],[-73.908023829464,40.8832096271245],[-73.9093835269802,40.8813716199381],[-73.9104963317449,40.8805335707271],[-73.9096801110006,40.8795228807279],[-73.9103333627348,40.8790463395801],[-73.911490559345,40.879027151038],[-73.9120597280907,40.8781276125843],[-73.9148476701578,40.8766750024307],[-73.915786584556,40.8757252371677],[-73.9177581234261,40.8756719192143],[-73.9190846928249,40.8760731732112],[-73.9227393139158,40.8789137379095],[-73.9249047064655,40.8788966595853],[-73.9238066884085,40.8803331931852],[-73.9203942336959,40.887656793828],[-73.9151859896013,40.9015925793656],[-73.915433160562,40.9018209802277],[-73.9150159267817,40.9030895959079],[-73.9145918232817,40.9041272992153],[-73.9141868660181,40.9041486885085],[-73.9128700092708,40.9075437736393],[-73.9131116528228,40.9078541318196],[-73.9126507521958,40.9080791098134],[-73.9114933373873,40.9122420680228],[-73.9116561544965,40.9134261508327],[-73.9103339980066,40.9155410758971],[-73.8966347635031,40.9114256744216]]]}},{"type":"Feature","properties":{"name":"Soundview-Bruckner-Bronx River","borough":"Bronx"},"geometry":{"type":"Polygon","coordinates":[[[-73.8627241432109,40.8329289679353],[-73.8636670220863,40.8327036094261],[-73.8626436657119,40.8281784292701],[-73.8606746494549,40.8284272704605],[-73.8597047409865,40.8262856322739],[-73.8735694974875,40.8244281298582],[-73.8724697531729,40.8201583736244],[-73.879816056842,40.8191707309068],[-73.8809817101165,40.8182439045487],[-73.882449210245,40.8192766045861],[-73.8846459218189,40.8238225565873],[-73.884388469334,40.826825566513],[-73.8835216030259,40.82926846598],[-73.8839023637088,40.8298111004913],[-73.8800532996975,40.834710343874],[-73.8792538087078,40.8344330746416],[-73.8767346479694,40.8362139031381],[-73.8739295937222,40.8359985977579],[-73.8728359512782,40.8397631498062],[-73.869209080526,40.8396083332247],[-73.8644815274569,40.8410960838534],[-73.8639388908556,40.840052852184],[-73.8627241432109,40.8329289679353]]]}},{"type":"Feature","properties":{"name":"Soundview-Clason Point","borough":"Bronx"},"geometry":{"type":"Polygon","coordinates":[[[-73.8457670201725,40.811590560697],[-73.8461744319489,40.8106849450889],[-73.8471982486461,40.8105887687206],[-73.848216269146,40.8124711909374],[-73.8506038668829,40.8139384816847],[-73.8530146885284,40.8145927053099],[-73.8526195574081,40.8140669737204],[-73.8533699837378,40.8136021846156],[-73.8553165236226,40.814420422756],[-73.8547114882643,40.8138526834003],[-73.853469146321,40.8134859930626],[-73.8525587998088,40.8137436161914],[-73.8512013816047,40.8135614254207],[-73.8492138419414,40.8123924809264],[-73.8490467647485,40.8119946061106],[-73.849385606852,40.8112953559358],[-73.8491749884528,40.8109326218886],[-73.8500438205085,40.8092236892276],[-73.8497300578435,40.8088833928257],[-73.8499525737,40.8087230008174],[-73.8495521735401,40.8087291486739],[-73.8499683723448,40.8085862994615],[-73.849613068378,40.8081324660953],[-73.848761481375,40.8083457384061],[-73.8495235867097,40.8080635582514],[-73.8484178133628,40.8073770562308],[-73.8483809408876,40.8063684665741],[-73.8475376224713,40.8059346829784],[-73.8474896297516,40.8054571892415],[-73.8486492497211,40.8047076513855],[-73.8493352269795,40.8050594982118],[-73.8494117672775,40.8046762566506],[-73.8494299312081,40.805068108089],[-73.8498224758963,40.8051027112875],[-73.8501997945088,40.8045183047879],[-73.8540726096538,40.8044657420878],[-73.8558558693122,40.8045229257567],[-73.8566275439009,40.8048385838719],[-73.8556918768994,40.8046848452301],[-73.8557221330398,40.8051303839204],[-73.8572463263378,40.8053155178398],[-73.856835616542,40.8049175498729],[-73.8581284637413,40.8054748002758],[-73.8589126190357,40.8059210355188],[-73.8583162839078,40.8060068708337],[-73.8585184486844,40.8066461641992],[-73.8590518008916,40.8065722476488],[-73.8589737271254,40.80597434703],[-73.8593674305382,40.806683963125],[-73.8593779701851,40.8075765757659],[-73.8591600886491,40.8068872546134],[-73.8586664586917,40.8068410314681],[-73.8583913692861,40.8082670894098],[-73.8589528195176,40.8102796982216],[-73.8601283593319,40.8096137798516],[-73.8593314755953,40.8090067879463],[-73.8594000020675,40.8081729096659],[-73.8601838666067,40.8094262370363],[-73.862287452854,40.8099541916806],[-73.8611126743977,40.8111584353059],[-73.8643598731067,40.8130171960935],[-73.8646246366012,40.8142307968965],[-73.8651297804594,40.8141603281028],[-73.8652187660334,40.8145368452108],[-73.86657883101,40.8143817159345],[-73.8689100592783,40.8151248984215],[-73.8695462133479,40.8161030352176],[-73.8714613396162,40.8247284918614],[-73.8563581815695,40.8267603704114],[-73.8561979720491,40.8260492785392],[-73.8559730298833,40.8260721615841],[-73.8536216584343,40.8160966681611],[-73.8516368375722,40.8163674712625],[-73.8509279981282,40.8143442422178],[-73.8470552238333,40.8148347515451],[-73.8466377913585,40.8130413676066],[-73.8461080066081,40.813108270841],[-73.8464685622838,40.8123143218533],[-73.8463255219533,40.8116957049221],[-73.8457670201725,40.811590560697]]]}},{"type":"Feature","properties":{"name":"Castle Hill-Unionport","borough":"Bronx"},"geometry":{"type":"MultiPolygon","coordinates":[[[[-73.8359685412193,40.8198923898816],[-73.8360438749302,40.8177908945626],[-73.8364381481363,40.8178241516146],[-73.8363977863159,40.8188996494547],[-73.8369683250625,40.8163749406192],[-73.8397449595373,40.816414354272],[-73.8401916063681,40.8171965554704],[-73.8400785135148,40.8178691780567],[-73.8386848787558,40.8195996636974],[-73.839065390569,40.8198107156252],[-73.8388837174682,40.8221487737728],[-73.842293776723,40.8287080927109],[-73.8370179689065,40.8290616953005],[-73.8360303547341,40.8238892550089],[-73.8359685412193,40.8198923898816]]],[[[-73.8482333878489,40.8334354092922],[-73.8472802203667,40.8293230307178],[-73.8450470985586,40.828807683784],[-73.8453216283143,40.8284348235209],[-73.8429168843189,40.8286307539135],[-73.8398306638267,40.8215797852938],[-73.8400000055302,40.8199432296272],[-73.8419882500136,40.818782656706],[-73.8420950660249,40.8180678264317],[-73.8437419332865,40.8153299813652],[-73.8452087715053,40.811895302699],[-73.845767019757,40.8115905610389],[-73.8463255218359,40.8116957052711],[-73.8464685617665,40.8123143216249],[-73.8461080062455,40.8131082709613],[-73.8466377909807,40.8130413674211],[-73.8470552235079,40.8148347517849],[-73.8509279978484,40.8143442418057],[-73.8516368372067,40.8163674711072],[-73.8536216588363,40.8160966680152],[-73.8559730302427,40.8260721615301],[-73.8561979722041,40.8260492787717],[-73.85635818135,40.8267603701438],[-73.8597047413582,40.8262856320281],[-73.8606746494041,40.8284272700123],[-73.8626436658637,40.8281784295722],[-73.863667022054,40.8327036095166],[-73.8608516055525,40.8336218232413],[-73.8603398672925,40.83326145222],[-73.8484875576608,40.8345327813368],[-73.8482333878489,40.8334354092922]]]]}},{"type":"Feature","properties":{"name":"Parkchester","borough":"Bronx"},"geometry":{"type":"Polygon","coordinates":[[[-73.8516860030157,40.8342093379179],[-73.8603398669361,40.8332614520686],[-73.8608516054884,40.8336218232324],[-73.8627241432109,40.8329289679353],[-73.8639388908556,40.840052852184],[-73.8644815274569,40.8410960838534],[-73.853336656871,40.8424784422822],[-73.8516860030157,40.8342093379179]]]}},{"type":"Feature","properties":{"name":"Westchester Square","borough":"Bronx"},"geometry":{"type":"Polygon","coordinates":[[[-73.841615158842,40.8405839130166],[-73.8393693448515,40.8408912610181],[-73.8397215467972,40.8395736930032],[-73.8403042279516,40.8395326011835],[-73.8394136051236,40.8346083510603],[-73.8399218869339,40.8333290811653],[-73.8427602464249,40.8308267692824],[-73.8431009135286,40.8299682975408],[-73.8429168843189,40.8286307539135],[-73.8453216283143,40.8284348235209],[-73.8450470985586,40.828807683784],[-73.8472802203667,40.8293230307178],[-73.8484875576608,40.8345327813368],[-73.8516860027738,40.8342093375393],[-73.8533366566694,40.8424784420341],[-73.8480648591533,40.8430762860976],[-73.8462362049284,40.8444985060178],[-73.847886324974,40.8459972688509],[-73.8457849103652,40.8479746463322],[-73.8448871682994,40.8502110148363],[-73.8450398588799,40.8487098292807],[-73.844606626101,40.8462619856851],[-73.8449117453543,40.8454357491954],[-73.8414624231646,40.8409643837465],[-73.8420196829642,40.8406665658854],[-73.841615158842,40.8405839130166]]]}},{"type":"Feature","properties":{"name":"Throgs Neck-Schuylerville","borough":"Bronx"},"geometry":{"type":"Polygon","coordinates":[[[-73.8259669019474,40.8403344259589],[-73.8258512576882,40.8370691541988],[-73.8254062227371,40.8356675612313],[-73.826222275514,40.8343629944116],[-73.8260139243545,40.8340290645078],[-73.825160235813,40.8346227582816],[-73.824634861535,40.8338640950319],[-73.8237952284177,40.8343084339175],[-73.8155264041906,40.8359845948551],[-73.8160647908573,40.8357812150135],[-73.8160091255773,40.835520884666],[-73.8155753650651,40.8355333688462],[-73.8160832784585,40.8353694692546],[-73.8160854092861,40.8345986335313],[-73.8156649759801,40.8344991364709],[-73.8160296902603,40.8343580689473],[-73.8160133615939,40.833989091562],[-73.8148807682121,40.8310383726924],[-73.8144717310185,40.8311497453021],[-73.8147652717577,40.8308250864766],[-73.8145214795839,40.8306311616684],[-73.8138992277878,40.830915840056],[-73.8145115598627,40.830622333452],[-73.8143106006158,40.830367557557],[-73.8138581138626,40.8305697289726],[-73.8143009865938,40.8303583894264],[-73.8136697064084,40.8298995711672],[-73.8138911059374,40.8297857384451],[-73.8133782665903,40.8293994888632],[-73.8133890581877,40.8290313804125],[-73.8129046131369,40.8289614175026],[-73.8131815073188,40.8288111573844],[-73.8127560935202,40.8282565220899],[-73.8099265517779,40.8281879975019],[-73.810097173814,40.8278277797878],[-73.811055853511,40.8279930811037],[-73.8100393138542,40.8277898545993],[-73.8126411464127,40.8278446919749],[-73.8126534570109,40.8275670652326],[-73.8138511429601,40.8268118142894],[-73.8137234710653,40.8262798778725],[-73.8129191544056,40.8263586742021],[-73.8139925092028,40.8260778838942],[-73.8139519343673,40.8257374366591],[-73.8134224159468,40.8259333029544],[-73.8139430133244,40.8257253168767],[-73.8137966284822,40.8253063708123],[-73.8121148984302,40.8255609197526],[-73.8132787486725,40.8251696069038],[-73.8131505235842,40.8248800692909],[-73.8140388527273,40.8244917545016],[-73.8138907405822,40.8240956522128],[-73.8132755680151,40.8239749509521],[-73.8127497422938,40.8247854720721],[-73.8117742420863,40.8243480916154],[-73.8110328682114,40.8247165118715],[-73.8108763552209,40.8251222330148],[-73.8107633189127,40.8249098551795],[-73.8096562043869,40.8252838207099],[-73.8090937380622,40.8258816832008],[-73.8076674391081,40.8259052772384],[-73.8065650072935,40.8246146903104],[-73.8067918861139,40.8240016469351],[-73.8064661968132,40.8238075522426],[-73.806601149547,40.8233451540645],[-73.8062376984096,40.8233162205625],[-73.8064467822323,40.8230050056376],[-73.8059530824037,40.8228908806273],[-73.8062240388717,40.8226718245196],[-73.8058260463096,40.8217760741184],[-73.8059929891963,40.8208318430075],[-73.8057294207701,40.8201856229165],[-73.8045193940053,40.8189359720473],[-73.8033697919775,40.8182593554941],[-73.8020469968371,40.8185538245595],[-73.7975917157514,40.8165158153051],[-73.7973825130784,40.8157717884415],[-73.7977160405376,40.8155215768574],[-73.7990295518042,40.8155494182797],[-73.8001128572176,40.814032808841],[-73.8009173214783,40.8137696861327],[-73.8017470007131,40.8128733004153],[-73.8014051992216,40.8123715921236],[-73.801760710346,40.8128696805663],[-73.8027846722843,40.8124762423788],[-73.8036156388822,40.8125313972002],[-73.8035213685466,40.8129301543836],[-73.8037805097117,40.8128181890206],[-73.8036156826494,40.8130527974388],[-73.8043594927767,40.8136168220321],[-73.8041550433603,40.813738956388],[-73.8035150959578,40.8129435260207],[-73.8032258825242,40.8133668637811],[-73.8045322059728,40.8142629028297],[-73.8032231520522,40.8133823927406],[-73.8035180632054,40.8139602465226],[-73.8043931091902,40.814546139672],[-73.8051515697784,40.8156761890892],[-73.8065849778287,40.8166028721904],[-73.8046608175418,40.8145532716387],[-73.8066074232664,40.8166727777654],[-73.8069307232392,40.8165766626978],[-73.8065371158978,40.8159002701602],[-73.8070473925849,40.8165419771636],[-73.8064031687702,40.8157103137437],[-73.8066329541666,40.8156032751788],[-73.8054575124178,40.8146948570278],[-73.8054506019868,40.8133849391295],[-73.8049647553336,40.8121722419752],[-73.8039132509628,40.812118780543],[-73.8023547916919,40.8100453421919],[-73.8010131173484,40.8107216827705],[-73.8014680884612,40.8101500002701],[-73.7985390477071,40.8095953583066],[-73.7922904594556,40.8068572882727],[-73.7914019837136,40.8070061604812],[-73.791524975499,40.8074973702395],[-73.790866142307,40.8073494214496],[-73.7907361855649,40.8065971115836],[-73.790126017581,40.8057798422863],[-73.7902854936277,40.8048253860525],[-73.7910385607575,40.804271314458],[-73.792246677623,40.8040046461393],[-73.7933912082435,40.8042126117034],[-73.7957790803975,40.8061712311997],[-73.7962104217754,40.80597687306],[-73.7963708473536,40.8062854844406],[-73.7979171777885,40.8067205124129],[-73.8015953208711,40.8089946361124],[-73.8027837514239,40.8091284048868],[-73.8039281240026,40.8085362526073],[-73.8071412694435,40.8106699595176],[-73.8085735546698,40.8121693095503],[-73.8101661633411,40.812996256564],[-73.8107861701752,40.8127792341674],[-73.8140045835713,40.8135597497558],[-73.8144320657686,40.8135266581368],[-73.8145013342491,40.8129165704646],[-73.8144786653089,40.8135268240787],[-73.8156646573439,40.8135203228668],[-73.8164815496087,40.8138615149815],[-73.8173612786453,40.8133840020283],[-73.8179222351456,40.8135529620591],[-73.8179774836757,40.8133073066261],[-73.8180436865385,40.8135412509918],[-73.8198177799118,40.8131882156341],[-73.8201089882037,40.8128723519501],[-73.8205566097595,40.8130259371664],[-73.8202457557185,40.8124389603882],[-73.8210665160848,40.8122118740412],[-73.8203249503084,40.8124479348407],[-73.8211310934519,40.8124580393179],[-73.8204431912079,40.8126658607055],[-73.8205884864014,40.81302772924],[-73.822284304162,40.8126697821753],[-73.8221728472515,40.8123622878916],[-73.8223100310736,40.8126664980846],[-73.8242577384113,40.8121187172572],[-73.8250592184567,40.81183819961],[-73.8248104499617,40.8114475643186],[-73.8252449012932,40.8117696227152],[-73.8248807859139,40.8112812660697],[-73.8252680399823,40.8117606302782],[-73.8254921491846,40.8116676131277],[-73.8252327706899,40.8112180709125],[-73.8256520998633,40.8116005724998],[-73.8253590655465,40.8110359255418],[-73.8256736879594,40.8115930265401],[-73.8255011898132,40.8110361407384],[-73.8258139540455,40.8115419866134],[-73.8257686377487,40.8112241922078],[-73.8259578076726,40.8114827303717],[-73.8263092424667,40.8112924039873],[-73.8284153684789,40.81488343003],[-73.823173769579,40.8166878969095],[-73.8267180122291,40.8218268601537],[-73.8283306136577,40.8210486755338],[-73.8294606059659,40.8223853944223],[-73.8246456758142,40.824772136185],[-73.8368336046779,40.8284497272047],[-73.8370179689065,40.8290616953005],[-73.842293776723,40.8287080927109],[-73.8423321766793,40.8290822475065],[-73.8418878403748,40.8307214620493],[-73.8388830496031,40.8336094403034],[-73.8391939540251,40.8387219151941],[-73.8395909400751,40.8388067732309],[-73.839721546795,40.8395736939037],[-73.8395684053469,40.8405555148205],[-73.8393693448515,40.8408912610181],[-73.8376226438593,40.8402918538658],[-73.8376714167981,40.841130195868],[-73.8368277994753,40.8434707345831],[-73.830433263431,40.8438662713942],[-73.8261144042567,40.8453469822571],[-73.8259669019474,40.8403344259589]]]}},{"type":"Feature","properties":{"name":"Pelham Bay-Country Club-City Island","borough":"Bronx"},"geometry":{"type":"MultiPolygon","coordinates":[[[[-73.7883348848167,40.8346754180226],[-73.7893136225179,40.8344731746123],[-73.7895115849606,40.8353723309177],[-73.7884583858962,40.8353182031067],[-73.7883348848167,40.8346754180226]]],[[[-73.8156351768857,40.8481914118022],[-73.8158987203413,40.8478318952773],[-73.815605909883,40.8476669730477],[-73.8161300254289,40.8473971453877],[-73.8160282472486,40.8464087473253],[-73.8157204334657,40.8463017329156],[-73.8146473425306,40.8472279028701],[-73.8157049275554,40.8462996298026],[-73.813565124007,40.847159700616],[-73.814909977069,40.8464770538335],[-73.8144249211547,40.846196114496],[-73.8150276710353,40.8455082844334],[-73.8131900450994,40.8462378249902],[-73.8140333776418,40.8455975870925],[-73.8136872851881,40.8456673509432],[-73.8139441861436,40.8455198773664],[-73.8136339767763,40.8452890579991],[-73.8132143473035,40.845931229753],[-73.8136199778058,40.8452833307478],[-73.8132613719591,40.8452422798455],[-73.8128507938615,40.8463270886122],[-73.8132446586108,40.8452441969559],[-73.8128784306033,40.8451429569658],[-73.813157364988,40.845220389695],[-73.8128567642792,40.8451945750916],[-73.812279302557,40.8465517473928],[-73.8128428305205,40.8451884597383],[-73.8126151824226,40.8451177966446],[-73.8128591377966,40.8451378342711],[-73.8125459728119,40.8449878877919],[-73.8118859830705,40.8466032560962],[-73.8124376449151,40.8467460011789],[-73.8117011125196,40.8466899908636],[-73.8126628075454,40.8442159384625],[-73.8129925975032,40.8445307966987],[-73.8126502879116,40.8446677566937],[-73.8131193454071,40.8447958925447],[-73.8126423517376,40.8446899509047],[-73.8125504846952,40.8449605633088],[-73.8136798823219,40.8450652691874],[-73.8141686849324,40.844789195189],[-73.8137011869733,40.844856745428],[-73.8141847412089,40.844690488114],[-73.8134673645377,40.8442714782106],[-73.81348096107,40.8436594077419],[-73.8150009453982,40.8435127407757],[-73.8156743206792,40.8444370645657],[-73.8163071154557,40.844407499509],[-73.8164372331125,40.844073195364],[-73.818238624149,40.8443633300568],[-73.8181922865672,40.8441214363868],[-73.8176913418168,40.8442767843233],[-73.8166281689187,40.8439531875481],[-73.8157243969943,40.8425448536783],[-73.8151725322485,40.8425854502208],[-73.8157034735809,40.8425280098091],[-73.8154164337249,40.8423996157058],[-73.8155863164247,40.84184955347],[-73.8152640288117,40.841268127419],[-73.8147348528955,40.8413840161827],[-73.8152354444085,40.8410179294619],[-73.8148078622419,40.8398126547156],[-73.8143673598414,40.8398736521645],[-73.8147983736593,40.8397962450604],[-73.814724591407,40.8395971747008],[-73.8143103959706,40.8396307049497],[-73.8162851760933,40.8382391166866],[-73.8164802988223,40.8376694468561],[-73.8160620770547,40.8360384841993],[-73.8237952284177,40.8343084339175],[-73.824634861535,40.8338640950319],[-73.825160235813,40.8346227582816],[-73.8260139243545,40.8340290645078],[-73.826222275514,40.8343629944116],[-73.8254062227371,40.8356675612313],[-73.8258512576882,40.8370691541988],[-73.8262427269029,40.8430018826327],[-73.8251813879654,40.8427083475907],[-73.8249583746207,40.8461137337008],[-73.820485451326,40.8485093159465],[-73.8201418331351,40.8480288876383],[-73.8163025870977,40.8485804625086],[-73.8151433145129,40.849088902616],[-73.8156351768857,40.8481914118022]]],[[[-73.8358305158273,40.8434795824631],[-73.8368277994753,40.8434707345831],[-73.8361550307669,40.8461394644987],[-73.8355604040737,40.8519723040096],[-73.8346411036504,40.8538262838266],[-73.8322828896558,40.8551857403827],[-73.8286033700545,40.8557261384273],[-73.8272054017917,40.8532982747356],[-73.8271327323193,40.8518793712925],[-73.8280013446908,40.8486406406689],[-73.8261144042567,40.8453469822571],[-73.830433263431,40.8438662713942],[-73.8358305158273,40.8434795824631]]],[[[-73.7892234172769,40.8587508084171],[-73.7887679077818,40.8584104597408],[-73.7887854161101,40.8574289820953],[-73.7880296945901,40.8575229745721],[-73.788780373056,40.8574092178407],[-73.7888979369565,40.8565816787951],[-73.7883608191531,40.8556347812403],[-73.7884787141167,40.8544088123011],[-73.7883483937924,40.854161810974],[-73.787348918284,40.8543941770673],[-73.7883465350418,40.8541403037713],[-73.7869087342794,40.8540722640648],[-73.7880020370589,40.8535329274648],[-73.7858832513613,40.8517969636048],[-73.7833829714536,40.8515950255626],[-73.7846021630605,40.8511039833542],[-73.7844560189256,40.8507811658913],[-73.783842578873,40.8507011906146],[-73.7842018567921,40.8500689353594],[-73.783536363974,40.8492292586781],[-73.7830367405304,40.8490801986068],[-73.7815458760389,40.8494087256605],[-73.7821424723862,40.8491089544581],[-73.7814338801107,40.8488082968188],[-73.7814952500743,40.8485887670733],[-73.7826760554757,40.8481479622661],[-73.7809795939214,40.8484666384118],[-73.7826387895766,40.8480809402567],[-73.7814857042858,40.8478904845102],[-73.7814305882409,40.8474646368536],[-73.7820798689203,40.8471390989958],[-73.7821653198072,40.8466446283242],[-73.7804046544559,40.8469394251111],[-73.7810618247754,40.846810842667],[-73.7811532100214,40.8462545946844],[-73.7811081411963,40.8467552880671],[-73.7817442732879,40.8464205807875],[-73.7810944034566,40.8468067829288],[-73.7825148363208,40.8464170627195],[-73.7824973576213,40.8456698519366],[-73.7831478270825,40.8453182319059],[-73.7818178459444,40.8457732683793],[-73.7830521349798,40.8455051136701],[-73.7830616162772,40.8450939986432],[-73.7818167438797,40.8454888727602],[-73.7830759593574,40.8450646586613],[-73.7831538407415,40.8453042738266],[-73.782977177248,40.8446892382159],[-73.7833667459205,40.844453013221],[-73.7830126836167,40.8441809807141],[-73.7834856723595,40.8436868355686],[-73.7805287451034,40.8445334305439],[-73.7799284218638,40.8438913716484],[-73.7805344115862,40.8444613116324],[-73.7803976172858,40.8439746990248],[-73.7805860317838,40.8444428623262],[-73.7810639974984,40.8443366079241],[-73.7808782862008,40.8438705099693],[-73.7810911623959,40.8443284172443],[-73.7815474092956,40.8442241799545],[-73.7813781257323,40.8437127766576],[-73.7815772871549,40.844215992497],[-73.7820090900031,40.8441178907962],[-73.7818344502491,40.8435838080656],[-73.7820389610012,40.844111765341],[-73.7824381840799,40.8440177211364],[-73.7822501017815,40.8434444583249],[-73.7824707815267,40.844007478243],[-73.7828238249592,40.8439277706471],[-73.7825734917795,40.84330287108],[-73.7827863710996,40.8437628355923],[-73.783093245725,40.8436933454939],[-73.7828752668602,40.8431323921623],[-73.7831339105013,40.8437057866591],[-73.7828429005888,40.8439030771511],[-73.7834761972369,40.8436630275901],[-73.7828891675848,40.8425031185868],[-73.782817229545,40.8427728122147],[-73.7823007963828,40.8426141861966],[-73.7824459083367,40.8430503242348],[-73.7822682130821,40.8426203075006],[-73.7818018680927,40.8427044357831],[-73.7819344507173,40.8432363779132],[-73.7817733542075,40.8427105628443],[-73.781247950335,40.8428053965967],[-73.7814292367449,40.8433791633315],[-73.781217395329,40.8428130667014],[-73.780675683961,40.842915594071],[-73.7808304211797,40.8435155877254],[-73.78064514413,40.8429186264997],[-73.7802969097358,40.842981334335],[-73.7802291229612,40.843786471698],[-73.7802280087039,40.8428915578229],[-73.7828663774213,40.8424863913022],[-73.7805987418687,40.8427948893703],[-73.7823699443447,40.842436783034],[-73.7816219351658,40.8423377843797],[-73.7823078178314,40.8422194049733],[-73.7823339558635,40.8419311335333],[-73.7814414151889,40.8421504229901],[-73.7823248975355,40.8419066202495],[-73.7821676282749,40.8416974335148],[-73.7803494351705,40.8421173878931],[-73.7804271556501,40.842502683358],[-73.7801973833629,40.8420545011729],[-73.7818518658678,40.8416622361056],[-73.7816618964737,40.8411324642714],[-73.7808436215585,40.8412846136128],[-73.7808935898625,40.8415613733324],[-73.780798913557,40.8412644358909],[-73.7816499373217,40.8411060525969],[-73.7813928205488,40.8410448991654],[-73.7816120805931,40.841004529242],[-73.7813762666117,40.8409871604012],[-73.7815953538463,40.8409480868964],[-73.7815443448645,40.8403949506175],[-73.7812550021359,40.8402637888865],[-73.7814901652504,40.840205613225],[-73.7811401419215,40.8395025679354],[-73.7820055945618,40.838023861951],[-73.7818859410262,40.8376585645423],[-73.7829076769302,40.837328294508],[-73.7828239859721,40.8363464443099],[-73.7833830648588,40.8369175605104],[-73.7841030304374,40.836733816958],[-73.7844859462819,40.8370325110228],[-73.7849819889725,40.836754714227],[-73.7845047251595,40.8370660544889],[-73.784851477217,40.8374787780552],[-73.7858320645388,40.837218268595],[-73.7851672291065,40.8374796223559],[-73.7855793535307,40.8379354020082],[-73.7857364784543,40.8392425203735],[-73.7865273703473,40.8397314047143],[-73.7874089740967,40.8396859118299],[-73.787493050363,40.8408506305335],[-73.7881827080796,40.8407193694867],[-73.7881605986414,40.8404990675745],[-73.7882559189416,40.8407541522889],[-73.7875251830646,40.8408879009222],[-73.7878654265918,40.8410900140352],[-73.7876137636217,40.8412062948072],[-73.7883675611952,40.8415128988759],[-73.7880214214602,40.8417921310593],[-73.7882949744743,40.8417936627259],[-73.7880573773017,40.8418753200945],[-73.7883859523453,40.8423902676017],[-73.788840035936,40.8423586855195],[-73.7885291950141,40.8424338657562],[-73.78905964152,40.8432436216322],[-73.7899323208794,40.8430505540997],[-73.7898058820396,40.8435949452371],[-73.7893384742925,40.8436897882136],[-73.7894732093304,40.8443012679588],[-73.7906672777292,40.8457498488859],[-73.790989971914,40.8456611220276],[-73.7906992413744,40.8457943021944],[-73.7909747202831,40.8463656011896],[-73.7914921533288,40.8462592940829],[-73.791182675701,40.8465639660493],[-73.7917948240533,40.8467399621693],[-73.7913684865396,40.8468959329252],[-73.7914418846099,40.8473143338054],[-73.7919213664523,40.8472665081332],[-73.7912684734381,40.8476101577791],[-73.791331147272,40.8480662132698],[-73.791619042066,40.8480612154494],[-73.7913372687676,40.8480945286924],[-73.7910150107639,40.8489934998591],[-73.789758497813,40.8495397601765],[-73.7898597565162,40.8499808501864],[-73.7909901596162,40.8498366391738],[-73.7898676903058,40.8499976804717],[-73.7900189749359,40.8503246219973],[-73.790359057947,40.8501506256479],[-73.7898932537474,40.8504724721879],[-73.7902696323718,40.8509693789676],[-73.7895641121393,40.8514956280162],[-73.7909885680798,40.85127230701],[-73.7896662908606,40.851508673414],[-73.790893567211,40.8515551943965],[-73.7901972743111,40.8517611960471],[-73.7904650936524,40.8517752973685],[-73.7901564800733,40.8522595768654],[-73.7901623390676,40.8520485270137],[-73.7902754305041,40.8522315626805],[-73.792495897849,40.851559016044],[-73.7901714593737,40.8522889530143],[-73.7911393393836,40.8520641441517],[-73.7912379479248,40.8522885807777],[-73.7931842297576,40.8518168631944],[-73.7931197606522,40.8515865858116],[-73.7932392560625,40.8519394659419],[-73.7912469555918,40.852312972551],[-73.7913819150995,40.8526103292816],[-73.7934112652411,40.8520301755942],[-73.7935090175694,40.8522723349578],[-73.7904219262101,40.8530312694866],[-73.7910072554137,40.853125982701],[-73.7928165083569,40.8525031101403],[-73.7929022552369,40.8527037266638],[-73.7908089752558,40.8532073512625],[-73.7912671194931,40.8537151555404],[-73.7925254757174,40.8534182129254],[-73.7924106988238,40.8530616269986],[-73.7925573730074,40.8534094697585],[-73.7929806713142,40.8533112361315],[-73.7928774891515,40.852952472466],[-73.7930413002657,40.8533795411108],[-73.7910586009367,40.853926703898],[-73.792459555937,40.8536089999496],[-73.7910714160419,40.85395324845],[-73.7925385346189,40.8538576188564],[-73.7917950562292,40.8540131211918],[-73.7919195063738,40.8542306465685],[-73.7912942093077,40.8545923169883],[-73.7925044556957,40.8557969578866],[-73.7920185111995,40.8561852401373],[-73.7925695296112,40.8562644102834],[-73.7920118885388,40.8562334199045],[-73.7919032214374,40.8565552034677],[-73.7930963109374,40.856694733037],[-73.791895617977,40.856577181602],[-73.7917084316718,40.8568601345132],[-73.7922040479712,40.8571542927725],[-73.7924293296361,40.8569368338598],[-73.7922232808978,40.8571605903415],[-73.7928285209451,40.8574440824154],[-73.7930140331535,40.8570113177602],[-73.7928854274512,40.8574874947065],[-73.7918611759213,40.8570123990353],[-73.7926847745301,40.8574286851152],[-73.7921140564307,40.8571752238101],[-73.791895907887,40.8574454143438],[-73.7925710938191,40.8576479183701],[-73.7923966058848,40.8578538399761],[-73.7917439287122,40.8574022424166],[-73.7920947131736,40.8571662821759],[-73.7918444212237,40.8570369936972],[-73.7909434112277,40.8575610401336],[-73.791786682467,40.8577837171739],[-73.7914383476889,40.8581629781615],[-73.7916200496089,40.8579096348604],[-73.7909336160258,40.8575760795316],[-73.7902373156172,40.8581623775867],[-73.7902026179426,40.8586098820883],[-73.7892234172769,40.8587508084171]]],[[[-73.7845759030319,40.8605402911377],[-73.7843709937261,40.8598584963333],[-73.7851415570023,40.8588009044582],[-73.7860767918549,40.8592828959916],[-73.786695317368,40.8586943577487],[-73.7877351106488,40.8587792846688],[-73.7870026915158,40.8602326822332],[-73.7845759030319,40.8605402911377]]]]}},{"type":"Feature","properties":{"name":"Co-op City","borough":"Bronx"},"geometry":{"type":"Polygon","coordinates":[[[-73.820240982723,40.8854993490422],[-73.8200558543117,40.8821224251045],[-73.8232973924328,40.8731057123394],[-73.8212668354902,40.8690828369372],[-73.815789036597,40.8657663544285],[-73.8169989989099,40.8644673238368],[-73.8168463554892,40.8643150859718],[-73.8199230152104,40.8617836654568],[-73.8272190939392,40.8592148683526],[-73.8280221001358,40.8606498312701],[-73.8295569237422,40.8621715029941],[-73.8336948455573,40.8704591813624],[-73.8348035815088,40.8737328034745],[-73.834695190291,40.8765522434207],[-73.8337705108697,40.8787284236801],[-73.8324612332043,40.8802154338391],[-73.8298624350603,40.8821832334216],[-73.8260644878734,40.8841611329427],[-73.8266129918513,40.8846575411719],[-73.8220595725954,40.8861165159361],[-73.8211870377457,40.8859511248957],[-73.8208202018613,40.8853516140803],[-73.820240982723,40.8854993490422]]]}},{"type":"Feature","properties":{"name":"Pelham Parkway-Van Nest","borough":"Bronx"},"geometry":{"type":"Polygon","coordinates":[[[-73.8617921048524,40.8579911942268],[-73.8621209490793,40.8508144648964],[-73.8630407917881,40.8506195956112],[-73.8625106476233,40.8483705691294],[-73.8611938187538,40.8486117561628],[-73.8603880140875,40.848243859537],[-73.8573825223763,40.8437245533978],[-73.853336656871,40.8424784422822],[-73.8634737337598,40.8413142192517],[-73.869209080526,40.8396083332247],[-73.8735985485795,40.839806842333],[-73.8709965938262,40.8431196786785],[-73.8680434155659,40.844822126377],[-73.868638628434,40.845318130413],[-73.8689279389889,40.846890028053],[-73.8683560708514,40.8470885208885],[-73.8678613417726,40.8488732197591],[-73.86921085865,40.8492466612697],[-73.8682521894933,40.8509678749957],[-73.8698898357846,40.8559793573411],[-73.8681897172036,40.8580721239639],[-73.8680217045783,40.857838885021],[-73.8617921048524,40.8579911942268]]]}},{"type":"Feature","properties":{"name":"Morris Park","borough":"Bronx"},"geometry":{"type":"Polygon","coordinates":[[[-73.83682058766,40.8572851001951],[-73.8366769749525,40.856660953962],[-73.8352410243297,40.8565015258849],[-73.8384334718544,40.8554771589267],[-73.8405720788893,40.854137421723],[-73.8449419417504,40.8482265100651],[-73.8448871687932,40.8502110143983],[-73.8457849103142,40.8479746462946],[-73.847886325447,40.8459972685309],[-73.8462362046873,40.844498505574],[-73.8480648590758,40.8430762860799],[-73.853336656871,40.8424784422822],[-73.8573825223763,40.8437245533978],[-73.8603880140875,40.848243859537],[-73.8611938187538,40.8486117561628],[-73.8625106476233,40.8483705691294],[-73.8630407917881,40.8506195956112],[-73.8621209490793,40.8508144648964],[-73.8617921048524,40.8579911942268],[-73.8473988762801,40.8586908363594],[-73.83682058766,40.8572851001951]]]}},{"type":"Feature","properties":{"name":"Pelham Gardens","borough":"Bronx"},"geometry":{"type":"Polygon","coordinates":[[[-73.853637796689,40.8733088923496],[-73.84859816773,40.8716790781342],[-73.8315976004763,40.8626529962524],[-73.8295569237422,40.8621715029941],[-73.8284089896722,40.8609565928103],[-73.8298762861458,40.8597487114482],[-73.83682058766,40.8572851001951],[-73.8473988762801,40.8586908363594],[-73.8566380496075,40.8581235840246],[-73.857314515441,40.8594627908803],[-73.8577116924004,40.8622865218405],[-73.8596142226927,40.8655210100252],[-73.8586743915231,40.8655032496562],[-73.8584887271978,40.8712923526956],[-73.8566152347525,40.8712584601206],[-73.8565143329494,40.8742260863768],[-73.853637796689,40.8733088923496]]]}},{"type":"Feature","properties":{"name":"Allerton","borough":"Bronx"},"geometry":{"type":"Polygon","coordinates":[[[-73.8584887271978,40.8712923526956],[-73.8586743915231,40.8655032496562],[-73.8596142226927,40.8655210100252],[-73.8577116924004,40.8622865218405],[-73.857314515441,40.8594627908803],[-73.8566380496075,40.8581235840246],[-73.867588936759,40.857838379281],[-73.8681897172036,40.8580721239639],[-73.8684168095128,40.8577886482369],[-73.8710508633924,40.8573131275685],[-73.8704136429154,40.8638010128377],[-73.8705388004804,40.8696823239227],[-73.8643275775634,40.8696646157714],[-73.8642674566138,40.8713979426313],[-73.8584887271978,40.8712923526956]]]}},{"type":"Feature","properties":{"name":"Williamsbridge-Olinville","borough":"Bronx"},"geometry":{"type":"Polygon","coordinates":[[[-73.8474453757855,40.8869868271939],[-73.8524844668787,40.8794719994245],[-73.8509203689995,40.877901734767],[-73.85254994961,40.8770998806826],[-73.8517237697224,40.8768516645618],[-73.850690964596,40.8754949725584],[-73.853637796689,40.8733088923496],[-73.8565143329494,40.8742260863768],[-73.8566152347525,40.8712584601206],[-73.8642674566138,40.8713979426313],[-73.8643275775634,40.8696646157714],[-73.8705388004804,40.8696823239227],[-73.8703164975799,40.8756258164105],[-73.8693629013807,40.8781200398526],[-73.8709455621048,40.878517989635],[-73.8701545997922,40.8803591220005],[-73.8708370924473,40.880462409218],[-73.8687677398843,40.8842321549119],[-73.8670060684463,40.8890821779048],[-73.8636866914198,40.8943328944128],[-73.8635605701723,40.8953853148094],[-73.8613606918384,40.8946706163965],[-73.8627411344645,40.8918471892659],[-73.8474453757855,40.8869868271939]]]}},{"type":"Feature","properties":{"name":"Eastchester-Edenwald-Baychester","borough":"Bronx"},"geometry":{"type":"Polygon","coordinates":[[[-73.7932300994354,40.8828308930225],[-73.8052025306805,40.8860082541686],[-73.8079035662916,40.8857887574621],[-73.8127702650578,40.886692270965],[-73.8159983187425,40.8865657035201],[-73.8208202018613,40.8853516140803],[-73.8211870377457,40.8859511248957],[-73.8220595725954,40.8861165159361],[-73.8266129918513,40.8846575411719],[-73.8260644878734,40.8841611329427],[-73.8298624350603,40.8821832334216],[-73.8324612332043,40.8802154338391],[-73.8337705108697,40.8787284236801],[-73.8348423871226,40.8758012207437],[-73.8348035815088,40.8737328034745],[-73.8343386130779,40.8720353165989],[-73.8295569237422,40.8621715029941],[-73.8315976004763,40.8626529962524],[-73.84859816773,40.8716790781342],[-73.853637796689,40.8733088923496],[-73.850690964596,40.8754949725584],[-73.8517237697224,40.8768516645618],[-73.85254994961,40.8770998806826],[-73.8509203689995,40.877901734767],[-73.8524844668787,40.8794719994245],[-73.8459070927373,40.8897496665041],[-73.8506922497171,40.8913110688861],[-73.8380441778798,40.894150629143],[-73.8225251762012,40.8894371217968],[-73.8225543008959,40.8898147026013],[-73.8233758310813,40.8899300598801],[-73.8233714391973,40.8909755935257],[-73.8228547500328,40.8912151268087],[-73.7940565640118,40.8837082640348],[-73.7930079161855,40.8833670346067],[-73.7932300994354,40.8828308930225]]]}},{"type":"Feature","properties":{"name":"Wakefield-Woodlawn","borough":"Bronx"},"geometry":{"type":"Polygon","coordinates":[[[-73.8510725718056,40.9103798206881],[-73.8534766341225,40.9075385933536],[-73.8509220035395,40.9066247942285],[-73.8501745845842,40.9075161655896],[-73.8448202777361,40.9055382499179],[-73.8448940569208,40.9041991667755],[-73.8413882997499,40.9041810411299],[-73.8407799951468,40.9016361568172],[-73.8391905893859,40.8993005974871],[-73.839649533197,40.8973388336611],[-73.838393396363,40.8940753057763],[-73.8506922497171,40.8913110688861],[-73.8459070927373,40.8897496665041],[-73.8474453757855,40.8869868271939],[-73.8627411344645,40.8918471892659],[-73.8613606918384,40.8946706163965],[-73.8640177901788,40.8955313452318],[-73.8704881411205,40.8966485087893],[-73.8771211584745,40.8954769609586],[-73.8764388479334,40.8968788909047],[-73.8752610850081,40.8981242844422],[-73.8699629515817,40.9008420339055],[-73.8678994007598,40.9029484753312],[-73.8594691992891,40.9005255080187],[-73.859078334934,40.9010162919611],[-73.8593783775666,40.9015735171238],[-73.8590284537187,40.9014532087018],[-73.8588654251042,40.9017199935528],[-73.8594653119487,40.9019421761594],[-73.8595802419167,40.9024491418947],[-73.8592657368839,40.9026777785718],[-73.8581614117995,40.9023140088465],[-73.8571123165166,40.903657831639],[-73.8569929852019,40.904592509198],[-73.8574359878539,40.9048498433671],[-73.8571790717144,40.9052948409206],[-73.8566557798826,40.9050633000157],[-73.8560116453573,40.9053142829318],[-73.8569253935992,40.9059824695143],[-73.8568115479376,40.9061641277684],[-73.8558060491956,40.9062726636254],[-73.8551393321106,40.906875188781],[-73.854239177649,40.9070411679581],[-73.853742447194,40.9077962171069],[-73.8547121937243,40.9080146103218],[-73.854912507813,40.9083631697723],[-73.8545908164498,40.9089477993612],[-73.8529575950062,40.910361344576],[-73.8522759267065,40.909862400469],[-73.851448950003,40.9104579721738],[-73.8510725718056,40.9103798206881]]]}},{"type":"Feature","properties":{"name":"Financial District-Battery Park City","borough":"Manhattan"},"geometry":{"type":"MultiPolygon","coordinates":[[[[-74.0007843972249,40.6942947687935],[-74.0009601293713,40.6940773368096],[-74.0030153830375,40.6947860976728],[-74.0023994725996,40.6957199088386],[-74.0002701681937,40.6949740559417],[-74.0007843972249,40.6942947687935]]],[[[-73.9983790500946,40.6980715500009],[-73.9988726158842,40.6971658311786],[-74.0010504768284,40.6979164892103],[-74.0004891316,40.6987660319245],[-73.9983790500946,40.6980715500009]]],[[[-73.9980010201282,40.698805939878],[-74.0000198506194,40.6994743021567],[-73.9994760842564,40.7003310321469],[-73.9975004269745,40.6996471230089],[-73.9980010201282,40.698805939878]]],[[[-73.996291365507,40.7014334301788],[-73.9966991344351,40.7008852315133],[-73.9981402443402,40.7015270425693],[-73.9961937170927,40.7033853965828],[-73.9951397116016,40.7029823697487],[-73.996291365507,40.7014334301788]]],[[[-73.9950473705179,40.7031400949781],[-73.9954470880145,40.7032835612174],[-73.9952949109785,40.7035623211566],[-73.9948018265736,40.703300213181],[-73.9950473705179,40.7031400949781]]],[[[-73.9947707859499,40.7039611496473],[-73.9950307034276,40.7038164552113],[-73.9947707859499,40.7039611496473]]],[[[-74.0123268864799,40.7188807107454],[-74.0137256014574,40.7136865663118],[-74.008349057941,40.7113668014759],[-74.0079693260322,40.7114555890598],[-74.0082175943655,40.7115303662355],[-74.0080809048619,40.7117291456869],[-74.0052770667752,40.7122576966797],[-74.0042925850868,40.7129160821478],[-74.0044181368924,40.7122021299264],[-73.9991357944788,40.7079906527245],[-74.0011882997256,40.7068680803856],[-74.0009842133495,40.706424968528],[-74.001408113017,40.7061876433051],[-74.0005938482722,40.7054183334489],[-74.0014558210315,40.704881557767],[-74.0025710980177,40.7055318346227],[-74.0019721503947,40.7047461221118],[-74.0024321577553,40.7046861131057],[-74.0033245200584,40.7056368500853],[-74.0038347228062,40.7053114982672],[-74.0026304112037,40.704231208029],[-74.0028683447733,40.7040834805868],[-74.004058111836,40.7051556183393],[-74.0065973673897,40.7036941574849],[-74.0053055733095,40.7025681197653],[-74.0054957260304,40.702439635696],[-74.0067864699872,40.7035763811497],[-74.0092921753184,40.7019383261356],[-74.0087010913042,40.7011481216627],[-74.0077569390176,40.7015562562487],[-74.0075928109433,40.701336334226],[-74.0085375633539,40.7009279496871],[-74.008350724263,40.7006776030039],[-74.0086218105459,40.7005604173687],[-74.0095862792474,40.7018456393201],[-74.0111823320848,40.7014596465751],[-74.0108010422198,40.7002154669383],[-74.011151785253,40.7009066540433],[-74.0113355432051,40.7005766073778],[-74.0117307174637,40.7007783725538],[-74.0116329293418,40.7004664729711],[-74.0120881317341,40.7006895621718],[-74.0119634103102,40.7000457990132],[-74.0123930504508,40.7006287811844],[-74.0126152702434,40.7001165186663],[-74.0131089286037,40.7005157055892],[-74.0131144886597,40.6997824187261],[-74.0132749449639,40.7005051235492],[-74.0136762427588,40.7001340754206],[-74.0135597192626,40.7009481243331],[-74.0143406596046,40.7011409346764],[-74.0137092039048,40.7010785332007],[-74.0139805763827,40.7015393259245],[-74.0138358590151,40.7024139558334],[-74.0144312816751,40.7031589023598],[-74.0142906797105,40.7045573301252],[-74.0166290619594,40.7048076860514],[-74.0179561905908,40.7039840406694],[-74.0178458623117,40.704250294145],[-74.0184484982239,40.7041706091872],[-74.0186603168338,40.7044370337734],[-74.0174823563413,40.7046755148594],[-74.0188889318731,40.7047373972937],[-74.0193439983282,40.7061019264516],[-74.0191242120845,40.7069840700503],[-74.0186320353695,40.7071479700229],[-74.0188503499152,40.7069785680793],[-74.018536584443,40.7069265775825],[-74.0181917441952,40.7078298806819],[-74.0188564613271,40.7080557894417],[-74.0177715942797,40.7128428312172],[-74.01780183074,40.7123533800118],[-74.0166256966868,40.7121655742677],[-74.0163215186837,40.7134162390676],[-74.0175809775159,40.7136037461307],[-74.0177264150268,40.7130784379139],[-74.0167116378904,40.7186324336632],[-74.0132146781412,40.718323977252],[-74.0130321318771,40.7191397133964],[-74.0123268864799,40.7188807107454]]]]}},{"type":"Feature","properties":{"name":"Tribeca-Civic Center","borough":"Manhattan"},"geometry":{"type":"Polygon","coordinates":[[[-73.9993138627765,40.717558499344],[-74.0007909975325,40.7152992254735],[-74.0005287947863,40.7151783164229],[-74.0004560766074,40.7143733045013],[-74.000747969764,40.714518610659],[-74.0009698507899,40.7139138529089],[-74.0015678026164,40.7136913207292],[-74.0009331889173,40.7132715097151],[-74.0008622893483,40.7116085289909],[-74.0005113062928,40.7109925266913],[-74.0014207924835,40.7098230517488],[-74.0044181370542,40.7122021296159],[-74.0042925855631,40.7129160821782],[-74.0052770671699,40.7122576968141],[-74.0080809051783,40.7117291453313],[-74.008217594085,40.7115303660294],[-74.0079693261914,40.7114555891903],[-74.0083490583032,40.7113668015903],[-74.0137256013044,40.7136865659614],[-74.012293109754,40.7190472066065],[-74.0130321324084,40.7191397132141],[-74.0129103787819,40.7197431092239],[-74.0134565076524,40.7198099649376],[-74.0134152164494,40.7200277400723],[-74.0163799352062,40.7203848658497],[-74.0163071850572,40.7207352776309],[-74.0130012579978,40.7203413483816],[-74.0128987539153,40.7208763032132],[-74.0156961711953,40.7212146830859],[-74.0156239099396,40.7215517114503],[-74.0131621173867,40.7212622210009],[-74.0131180844335,40.721481991879],[-74.0136170348303,40.7215944404148],[-74.012540209203,40.7215114344533],[-74.0119657716092,40.7243381231932],[-74.0112361593529,40.724273891416],[-74.0108138319034,40.7257980613332],[-73.9993138627765,40.717558499344]]]}},{"type":"Feature","properties":{"name":"SoHo-Little Italy-Hudson Square","borough":"Manhattan"},"geometry":{"type":"Polygon","coordinates":[[[-74.0028187132835,40.7283713893687],[-73.9967732034344,40.7254402027026],[-73.992604666891,40.7241447087758],[-73.9948092341603,40.7184656847552],[-73.9960601716568,40.7162398981358],[-73.9993138627765,40.717558499344],[-74.0108138319034,40.7257980613332],[-74.0112361593529,40.724273891416],[-74.0119657716092,40.7243381231932],[-74.0116547168112,40.7258800206152],[-74.01520571759,40.7263702081148],[-74.0151250177736,40.7268022013872],[-74.0115434700871,40.7264556058076],[-74.0113846863351,40.7282375321049],[-74.0106443485381,40.7281803676275],[-74.0105501722,40.7291089427859],[-74.0028187132835,40.7283713893687]]]}},{"type":"Feature","properties":{"name":"Greenwich Village","borough":"Manhattan"},"geometry":{"type":"Polygon","coordinates":[[[-73.9899044043666,40.7344430513414],[-73.9898699651148,40.7335353755827],[-73.9912358393954,40.7277350651061],[-73.992604666891,40.7241447087758],[-73.9967732034344,40.7254402027026],[-74.0028187132835,40.7283713893687],[-74.0014138720139,40.7310735166321],[-73.9968413856693,40.7373691514349],[-73.9899044043666,40.7344430513414]]]}},{"type":"Feature","properties":{"name":"West Village","borough":"Manhattan"},"geometry":{"type":"Polygon","coordinates":[[[-74.0091549023537,40.7425044501662],[-73.9968413856693,40.7373691514349],[-74.0014138720139,40.7310735166321],[-74.0028187132835,40.7283713893687],[-74.0105501722,40.7291089427859],[-74.0106443485381,40.7281803676275],[-74.0143921508089,40.7284713071981],[-74.0140883877808,40.7306714321546],[-74.011163408197,40.730458936027],[-74.0109949600834,40.7323286784933],[-74.0109426335841,40.7330160229533],[-74.0140036544467,40.7330762618864],[-74.0140010247254,40.7333405376605],[-74.0107311751148,40.7334716629351],[-74.0108342969747,40.7340153538945],[-74.0120193711696,40.734072004812],[-74.0120026939608,40.7343466610736],[-74.0108150461443,40.7342917035859],[-74.010478049619,40.7380722017882],[-74.0110885180314,40.738101010756],[-74.0111406077325,40.7383981245493],[-74.0104557801318,40.7383727664758],[-74.0103944822003,40.7391825574727],[-74.0115819062635,40.739272796999],[-74.0114621914964,40.7405924769072],[-74.0126607344216,40.7407559001395],[-74.0096329070783,40.7406536286],[-74.0094128539826,40.7411623551485],[-74.009620685805,40.7413718728868],[-74.0113975444182,40.741831075132],[-74.0108413259856,40.7426049960904],[-74.0093225910909,40.7422525047689],[-74.0091549023537,40.7425044501662]],[[-74.0093727038203,40.7421934123236],[-74.0100894852641,40.7424964177468],[-74.0098237930894,40.7421743140775],[-74.0101670484885,40.7416806104868],[-74.0093631996047,40.7414318861346],[-74.0093727038203,40.7421934123236]]]}},{"type":"Feature","properties":{"name":"Chinatown-Two Bridges","borough":"Manhattan"},"geometry":{"type":"Polygon","coordinates":[[[-73.9844979115318,40.7095179209524],[-73.9883920828812,40.7091352054616],[-73.9887986206875,40.7099748639215],[-73.9972843174275,40.7087398757526],[-73.9991357938877,40.7079906526438],[-74.0014207924835,40.7098230517488],[-74.0005113062928,40.7109925266913],[-74.0008622893483,40.7116085289909],[-74.0009331889173,40.7132715097151],[-74.0015678026164,40.7136913207292],[-74.0009698507899,40.7139138529089],[-74.000747969764,40.714518610659],[-74.0004560766074,40.7143733045013],[-74.0005287947863,40.7151783164229],[-74.0007909975325,40.7152992254735],[-73.9993138627765,40.717558499344],[-73.9960601716568,40.7162398981358],[-73.9948092341603,40.7184656847552],[-73.9891560808597,40.7167169045296],[-73.9902215695927,40.7144131971671],[-73.9893380076996,40.714141633261],[-73.9853454855094,40.7144698356839],[-73.9844979115318,40.7095179209524]]]}},{"type":"Feature","properties":{"name":"Lower East Side","borough":"Manhattan"},"geometry":{"type":"MultiPolygon","coordinates":[[[[-73.9824604259938,40.7055506710271],[-73.9824243120344,40.7058303103976],[-73.9810253461329,40.7059071694122],[-73.9824604259938,40.7055506710271]]],[[[-73.9750619496986,40.7187937101921],[-73.9735732950417,40.7186054885168],[-73.9751304343935,40.7146294149382],[-73.9768202743568,40.7114278241183],[-73.9780811887929,40.7105405076204],[-73.9844979113807,40.7095179205413],[-73.9853454858151,40.7144698354578],[-73.9893380076539,40.7141416330246],[-73.9902215699438,40.714413197378],[-73.9891560802813,40.7167169048398],[-73.99480923453,40.7184656848552],[-73.9926046665622,40.724144708338],[-73.9750619496986,40.7187937101921]]]]}},{"type":"Feature","properties":{"name":"East Village","borough":"Manhattan"},"geometry":{"type":"MultiPolygon","coordinates":[[[[-73.9671524474783,40.7183243849713],[-73.9665638543873,40.7180241259326],[-73.9671524474783,40.7183243849713]]],[[[-73.9664446697744,40.7192514631514],[-73.9657441069343,40.7187151363711],[-73.9666374440761,40.7191384024997],[-73.9665159724525,40.7194392339495],[-73.9664446697744,40.7192514631514]]],[[[-73.9650342184186,40.720385328549],[-73.9656779926853,40.7206872200811],[-73.9650342184186,40.720385328549]]],[[[-73.9648357718214,40.720803807105],[-73.9643625145297,40.7204854988473],[-73.9648357718214,40.720803807105]]],[[[-73.9640276096096,40.7208891527212],[-73.9643764787715,40.7210008100431],[-73.9640276096096,40.7208891527212]]],[[[-73.964242132302,40.7206204902837],[-73.9649520328136,40.7214324416411],[-73.964242132302,40.7206204902837]]],[[[-73.9717755474296,40.7258295412168],[-73.9735732950417,40.7186054885168],[-73.9772252314354,40.7193180346225],[-73.9926046665622,40.724144708338],[-73.991235839732,40.7277350648779],[-73.989869964833,40.7335353754853],[-73.9899044041441,40.7344430511365],[-73.9720515907674,40.7268892070668],[-73.9716284114635,40.7266367133885],[-73.9717755474296,40.7258295412168]]]]}},{"type":"Feature","properties":{"name":"Chelsea-Hudson Yards","borough":"Manhattan"},"geometry":{"type":"Polygon","coordinates":[[[-74.0017896903868,40.7623027863837],[-73.99547594965,40.7596351229592],[-73.9973002130299,40.7571153061202],[-73.9916341580143,40.7547150701229],[-73.9971004762885,40.747213365495],[-73.9914200307265,40.7448109461805],[-73.9968413856693,40.7373691514349],[-74.0091549023537,40.7425044501662],[-74.0090930197859,40.7428944107558],[-74.0096216049863,40.7429595100674],[-74.009569885617,40.743266047471],[-74.0121495841796,40.743567563758],[-74.01202230239,40.7439480324983],[-74.0095134691802,40.7436843555837],[-74.0094394602094,40.7439795173568],[-74.0089017809538,40.7439261894908],[-74.0087313149235,40.7448898004191],[-74.0096137302023,40.7450061657319],[-74.0095597809168,40.7452970879388],[-74.0099180598711,40.7453355181447],[-74.009873562552,40.7449247641794],[-74.0101693571474,40.7449505922604],[-74.0099754019737,40.7453313977414],[-74.0104706520357,40.7453950286563],[-74.01042082397,40.7449850862172],[-74.0107656497952,40.745013294563],[-74.0105325173136,40.7453903130137],[-74.0111050501727,40.7454559328609],[-74.0110460435889,40.7450544749424],[-74.011389151934,40.7450813757188],[-74.0111556432483,40.7454546406989],[-74.0117410378602,40.7455281813015],[-74.0118378810632,40.7451342262069],[-74.0117842106316,40.7456098348786],[-74.0116803067355,40.7459877245169],[-74.0094653501768,40.7457584063932],[-74.0093650789629,40.7463438653317],[-74.0115926866903,40.7466097683017],[-74.0114851832148,40.7469988516709],[-74.0092445981946,40.7467710531909],[-74.0091388142095,40.7473680258634],[-74.0114081917086,40.7476388125991],[-74.0113049822813,40.7480228350214],[-74.0090599306243,40.7477939084793],[-74.0089475166361,40.7484201564418],[-74.0112170704901,40.7486862559916],[-74.0111103635132,40.7490581387391],[-74.0099496313458,40.748940251848],[-74.0091059839399,40.7503793333814],[-74.0106788276522,40.7510309387029],[-74.0105660870724,40.7513297263897],[-74.0090024343609,40.7506564479941],[-74.0085340209415,40.751891872769],[-74.0093423444317,40.7523638740794],[-74.0084278161462,40.7521661142639],[-74.0099720401859,40.7529418282754],[-74.0083549800509,40.7523590039099],[-74.00774549989,40.7543450669095],[-74.0048053764589,40.757818108423],[-74.0052803990015,40.7580368202127],[-74.0050325016685,40.758365281328],[-74.0070050406882,40.759240136303],[-74.0065083279309,40.7599002979233],[-74.0045062817779,40.7590932625737],[-74.0042077420224,40.7595099732988],[-74.0038080289911,40.7595189970923],[-74.0043203450802,40.7599189519526],[-74.0036703644832,40.7597142352459],[-74.0039300000456,40.7600112854388],[-74.0031348404346,40.7610866110531],[-74.0027883659267,40.760937235643],[-74.0023367309329,40.7615519930775],[-74.0044509663113,40.762672833421],[-74.0022022709941,40.7617366988458],[-74.0017896903868,40.7623027863837]]]}},{"type":"Feature","properties":{"name":"Hell's Kitchen","borough":"Manhattan"},"geometry":{"type":"Polygon","coordinates":[[[-73.9961223290949,40.7732836596395],[-73.9941647327422,40.7724954586481],[-73.9938325291142,40.7729400566743],[-73.9934119019347,40.7728871639633],[-73.9937833454335,40.7722073596357],[-73.9823649841308,40.7673963418686],[-73.9916341585857,40.7547150701596],[-73.9973002135217,40.7571153060705],[-73.9954759492508,40.759635123201],[-74.0017896909586,40.7623027865074],[-74.0015345412087,40.7626528649251],[-74.0037588015115,40.7635905081353],[-74.0036135993373,40.7637853107863],[-74.0013874872361,40.7628583610139],[-74.0009745302843,40.7634285385425],[-74.0031512210012,40.764341154348],[-74.0031023320993,40.7647540152564],[-73.9999285734874,40.7634147946652],[-73.9996240838168,40.7635673476268],[-73.9991524298375,40.764213526324],[-74.0022894743427,40.7655698100141],[-74.0020259938181,40.7659015336418],[-73.9988861813147,40.7645776447607],[-73.9982830560115,40.765576041642],[-74.0015748032654,40.7669854602377],[-74.0013161472099,40.7672593868671],[-73.9980682085943,40.7658801483777],[-73.9973795339939,40.7668316523343],[-74.0006509556766,40.7682535037388],[-74.0003873149994,40.7685124627883],[-73.9971573385618,40.767136963823],[-73.9964586024991,40.7681070833666],[-73.9997373527954,40.7695144454487],[-73.9994739866664,40.7697724829462],[-73.9970732093909,40.7687409111417],[-73.9965727130917,40.7694328362364],[-73.9990282784839,40.7704715409181],[-73.9987635180661,40.7708333246403],[-73.9963147190519,40.7698071045728],[-73.9954261931714,40.7710398835825],[-73.9959013496771,40.7714585670679],[-73.9953071118223,40.7712042728883],[-73.9949272702355,40.7715243109897],[-73.9970747300035,40.7725511365558],[-73.9968743638449,40.7728257496384],[-73.9947755274282,40.7719378162166],[-73.994446461053,40.7723853950564],[-73.9961223290949,40.7732836596395]]]}},{"type":"Feature","properties":{"name":"Midtown South-Flatiron-Union Square","borough":"Manhattan"},"geometry":{"type":"Polygon","coordinates":[[[-73.9808519860774,40.7477586345079],[-73.9898756575428,40.7354165203133],[-73.9899044043666,40.7344430513414],[-73.9968413856693,40.7373691514349],[-73.9914200307265,40.7448109461805],[-73.9971004762885,40.747213365495],[-73.9934656235853,40.7521983198241],[-73.9877705037114,40.7497952937301],[-73.9872952144416,40.7504598737586],[-73.9808519860774,40.7477586345079]]]}},{"type":"Feature","properties":{"name":"Midtown-Times Square","borough":"Manhattan"},"geometry":{"type":"Polygon","coordinates":[[[-73.9730163128285,40.7642871470858],[-73.96980172755,40.7629217801161],[-73.9758088340991,40.7546855402745],[-73.9765171352044,40.7549825290412],[-73.9769752314921,40.7543569411032],[-73.9783502111473,40.7524183952715],[-73.9776780463766,40.7521272024773],[-73.9808519860774,40.7477586345079],[-73.9872952144416,40.7504598737586],[-73.9877705037114,40.7497952937301],[-73.9934656235853,40.7521983198241],[-73.9821120582004,40.7677527445458],[-73.981492657607,40.7678894676515],[-73.9730163128285,40.7642871470858]]]}},{"type":"Feature","properties":{"name":"Stuyvesant Town-Peter Cooper Village","borough":"Manhattan"},"geometry":{"type":"MultiPolygon","coordinates":[[[[-73.9750750573881,40.7353778904504],[-73.9744420892721,40.7353250338198],[-73.9736777151554,40.7332141954209],[-73.9738695472097,40.7330739491969],[-73.9734146565029,40.7312906770914],[-73.9715202647506,40.7293596225935],[-73.9716284110572,40.7266367138156],[-73.9825577344437,40.7313583954125],[-73.978542386113,40.7368959214437],[-73.9750750573881,40.7353778904504]]],[[[-73.9623674041218,40.7242173222835],[-73.9620741538918,40.7238885610178],[-73.9623674041218,40.7242173222835]]]]}},{"type":"Feature","properties":{"name":"Gramercy","borough":"Manhattan"},"geometry":{"type":"Polygon","coordinates":[[[-73.978542386113,40.7368959214437],[-73.9825577344437,40.7313583954125],[-73.9899044043666,40.7344430513414],[-73.9898756575428,40.7354165203133],[-73.9840762952794,40.7433329815665],[-73.9808610954698,40.7419780310793],[-73.9826690405661,40.7395067022281],[-73.978053705155,40.7375622158871],[-73.978542386113,40.7368959214437]]]}},{"type":"Feature","properties":{"name":"Murray Hill-Kips Bay","borough":"Manhattan"},"geometry":{"type":"MultiPolygon","coordinates":[[[[-73.9765173120085,40.7516447371283],[-73.9744459556405,40.7507729579394],[-73.9735039977722,40.7520731978899],[-73.971263783539,40.7511305064257],[-73.968909410558,40.7501207087613],[-73.9699883592731,40.7488769788318],[-73.9679141675065,40.7479792002687],[-73.9709420688054,40.7444797083633],[-73.9711158198198,40.7442126247092],[-73.9707046144129,40.7439987591607],[-73.9711833750172,40.7441114964626],[-73.9718903285297,40.7427330838155],[-73.9726588774635,40.7392310170241],[-73.9724913809197,40.7358115421909],[-73.974467910307,40.7362867189369],[-73.9741420598941,40.73596391872],[-73.974506322031,40.736050542596],[-73.9742477463165,40.735788372473],[-73.9744668174702,40.7356751485536],[-73.9730584264367,40.7351857148538],[-73.9727645230452,40.7355133494888],[-73.97294664686,40.7350734324964],[-73.9733003898588,40.7352506170221],[-73.9735461674165,40.7349525884819],[-73.9783396467468,40.7367297331023],[-73.978542386113,40.7368959214437],[-73.978053705155,40.7375622158871],[-73.9826690405661,40.7395067022281],[-73.9808610954698,40.7419780310793],[-73.9840762952794,40.7433329815665],[-73.9776780463766,40.7521272024773],[-73.9765173120085,40.7516447371283]]],[[[-73.96291649063,40.7315418416833],[-73.96167590251,40.7314895161734],[-73.963660828397,40.7312580729829],[-73.96291649063,40.7315418416833]]],[[[-73.9613542260398,40.7301602189223],[-73.9625507751445,40.7297523295938],[-73.9613542260398,40.7301602189223]]],[[[-73.9606500728913,40.7441385817433],[-73.9606500728913,40.7441385817433]]]]}},{"type":"Feature","properties":{"name":"East Midtown-Turtle Bay","borough":"Manhattan"},"geometry":{"type":"Polygon","coordinates":[[[-73.9665848221825,40.761559203411],[-73.9589359213331,40.7583434224193],[-73.9584926306021,40.7585541708578],[-73.9647109653949,40.7517276810712],[-73.9648636864826,40.7520193675842],[-73.965216808292,40.7518167262826],[-73.96722798847,40.7526964894172],[-73.968909410558,40.7501207087613],[-73.9735039977722,40.7520731978899],[-73.9744459556405,40.7507729579394],[-73.9783502111473,40.7524183952715],[-73.9765171352044,40.7549825290412],[-73.9758088340991,40.7546855402745],[-73.96980172755,40.7629217801161],[-73.9665848221825,40.761559203411]]]}},{"type":"Feature","properties":{"name":"Upper West Side-Lincoln Square","borough":"Manhattan"},"geometry":{"type":"Polygon","coordinates":[[[-73.9750025608264,40.7775360500801],[-73.981680879605,40.7683983997473],[-73.981492657607,40.7678894676515],[-73.9823649838092,40.7673963420942],[-73.9937833456627,40.7722073599092],[-73.9933266449833,40.7728397486414],[-73.9962421001025,40.7737980605867],[-73.9960966929606,40.7740944556897],[-73.9939383901322,40.7731877796149],[-73.9922685369283,40.7751243029441],[-73.9920605327866,40.7755058673598],[-73.9923874909182,40.7755654485872],[-73.9909286217623,40.7775751483751],[-73.9903976074801,40.7775933353134],[-73.9888700644824,40.7797011930118],[-73.9915525071621,40.7795830904153],[-73.9888875912162,40.7798871686689],[-73.9881289076439,40.7814100674055],[-73.9856808063932,40.7803209036685],[-73.9850732885613,40.7817879521137],[-73.9750025608264,40.7775360500801]]]}},{"type":"Feature","properties":{"name":"Upper West Side (Central)","borough":"Manhattan"},"geometry":{"type":"Polygon","coordinates":[[[-73.9641774244928,40.7923703184733],[-73.9750025608264,40.7775360500801],[-73.9850732885613,40.7817879521137],[-73.9856808063932,40.7803209036685],[-73.9881289073132,40.7814100679081],[-73.985467258307,40.7853689719042],[-73.9861741515716,40.7860767242036],[-73.9871204608,40.7852185892402],[-73.9861298690883,40.7862472728084],[-73.9854307675977,40.7854222135251],[-73.9850825839797,40.7859302065625],[-73.9857671067811,40.7862045463403],[-73.9850184102976,40.786022508668],[-73.9846565249785,40.7865430138974],[-73.985951008117,40.7864953844934],[-73.984620874724,40.7865942884506],[-73.9764009635224,40.7982814853679],[-73.9694168790232,40.7953690529226],[-73.9698720736199,40.794743478767],[-73.9641774244928,40.7923703184733]]]}},{"type":"Feature","properties":{"name":"Upper West Side-Manhattan Valley","borough":"Manhattan"},"geometry":{"type":"Polygon","coordinates":[[[-73.9596482923734,40.8011646990835],[-73.9581744082322,40.8005908172238],[-73.9641774244928,40.7923703184733],[-73.9698720736199,40.794743478767],[-73.9694168790232,40.7953690529226],[-73.9764009635224,40.7982814853679],[-73.9711091010606,40.8057984152539],[-73.9596482923734,40.8011646990835]]]}},{"type":"Feature","properties":{"name":"Upper East Side-Lenox Hill-Roosevelt Island","borough":"Manhattan"},"geometry":{"type":"MultiPolygon","coordinates":[[[[-73.9576372033045,40.7484146129325],[-73.9578409741152,40.7483462681126],[-73.9576372033045,40.7484146129325]]],[[[-73.9355693999117,40.771927049239],[-73.9355676475616,40.7716373868975],[-73.9358533825304,40.7717242720129],[-73.9355693999117,40.771927049239]]],[[[-73.9418017588382,40.7690551961349],[-73.9428567178163,40.7683117647767],[-73.949433188636,40.7605568842647],[-73.9517796541214,40.7584108169912],[-73.9532215335587,40.7564351085046],[-73.9579159602333,40.7521181207602],[-73.9609072989492,40.7498102464559],[-73.9615399911431,40.74973138508],[-73.9590176020126,40.7536033260656],[-73.9533928415883,40.7598050305392],[-73.9520877571125,40.7608704219617],[-73.9455644526248,40.7688100450156],[-73.94524653571,40.7687815375152],[-73.9447262153357,40.7697945413432],[-73.9421281775597,40.7720429704368],[-73.9400780873123,40.7729344573941],[-73.9403567653286,40.7705048445687],[-73.9411192178056,40.7694226781587],[-73.9418017588382,40.7690551961349]]],[[[-73.9583551856349,40.7586748918727],[-73.9589359210575,40.7583434226794],[-73.9665848225759,40.7615592037096],[-73.9572955362342,40.7742918255859],[-73.9474911864298,40.770123424267],[-73.9544196955837,40.7621923726037],[-73.9583551856349,40.7586748918727]]]]}},{"type":"Feature","properties":{"name":"Upper East Side-Carnegie Hill","borough":"Manhattan"},"geometry":{"type":"Polygon","coordinates":[[[-73.9493331403584,40.7852013991217],[-73.9665848221825,40.761559203411],[-73.9730163128285,40.7642871470858],[-73.9557787945598,40.7879221973408],[-73.9493331403584,40.7852013991217]]]}},{"type":"Feature","properties":{"name":"Upper East Side-Yorkville","borough":"Manhattan"},"geometry":{"type":"MultiPolygon","coordinates":[[[[-73.9380478365821,40.7808378162789],[-73.9376477485609,40.7810094883747],[-73.9376003763983,40.7804761132489],[-73.9386134397749,40.7803472281359],[-73.9395852206369,40.7795847460272],[-73.9387294598483,40.7805190165686],[-73.9387456623064,40.7810521477322],[-73.9380835631094,40.7814267098973],[-73.9380478365821,40.7808378162789]]],[[[-73.9436019072316,40.7801673716435],[-73.9434401998643,40.7797715144114],[-73.9424036336724,40.7800346059649],[-73.9421172842088,40.7794726534715],[-73.9430038974066,40.7788611508396],[-73.9424588429369,40.7774157444051],[-73.9423368498512,40.7777770884662],[-73.942121257017,40.7772638379374],[-73.9424354710257,40.7773087323],[-73.9420756194767,40.7769261183745],[-73.942083036675,40.7759652873852],[-73.9436657500804,40.7738490343922],[-73.9474911864298,40.770123424267],[-73.9572955362342,40.7742918255859],[-73.9493331398748,40.785201399315],[-73.9437614851549,40.7828372042957],[-73.9438721920568,40.7812812987891],[-73.9436019072316,40.7801673716435]]]]}},{"type":"Feature","properties":{"name":"Morningside Heights","borough":"Manhattan"},"geometry":{"type":"Polygon","coordinates":[[[-73.9521026887233,40.8114511311024],[-73.9535772148055,40.8094849753268],[-73.9549680091285,40.8100728324371],[-73.9582200597571,40.8055638323817],[-73.9582502204494,40.8031147622258],[-73.9596482923734,40.8011646990835],[-73.9711091006196,40.8057984155051],[-73.9685589200731,40.809081170381],[-73.964142270236,40.8157799354786],[-73.9620324983365,40.8180946095303],[-73.9594947273158,40.8170157522081],[-73.9562603355048,40.8133977122639],[-73.9557083384622,40.814152238545],[-73.954082021332,40.8122883905909],[-73.9521026887233,40.8114511311024]]]}},{"type":"Feature","properties":{"name":"Manhattanville-West Harlem","borough":"Manhattan"},"geometry":{"type":"Polygon","coordinates":[[[-73.9460797219785,40.821271495794],[-73.9492155402328,40.8147080493238],[-73.9521026887233,40.8114511311024],[-73.954082021332,40.8122883905909],[-73.9557083384622,40.814152238545],[-73.9562603355048,40.8133977122639],[-73.9594947273158,40.8170157522081],[-73.9620324978952,40.8180946100328],[-73.9598160669877,40.8203061532603],[-73.9591320558816,40.8211772335331],[-73.9594276836719,40.8212606609996],[-73.9591482972572,40.8215796078848],[-73.9590910424656,40.8212145263204],[-73.958820362337,40.8215268041818],[-73.9590016230082,40.8224180078772],[-73.9599114341931,40.8225793993242],[-73.959604764941,40.8230029663793],[-73.9589275872867,40.8227200355084],[-73.9585287551659,40.8218520360609],[-73.9579404888823,40.8227826336612],[-73.9595324544715,40.8236274619012],[-73.9591418216466,40.8243258700755],[-73.9574121324614,40.823281754362],[-73.9557321880389,40.8228995379618],[-73.9508302364259,40.82083621708],[-73.9499233803929,40.8220805944856],[-73.9485417337219,40.8214959030051],[-73.9480843340865,40.8221163018404],[-73.9460797219785,40.821271495794]]]}},{"type":"Feature","properties":{"name":"Hamilton Heights-Sugar Hill","borough":"Manhattan"},"geometry":{"type":"Polygon","coordinates":[[[-73.9403478670946,40.8304661250828],[-73.9386417000856,40.8297471560702],[-73.9392502902994,40.8283046325587],[-73.9429251034719,40.8232688679862],[-73.9451614838763,40.8208873236681],[-73.9480843340865,40.8221163018404],[-73.9485417337219,40.8214959030051],[-73.9499233803929,40.8220805944856],[-73.9508302364259,40.82083621708],[-73.9557321880389,40.8228995379618],[-73.9574121324614,40.823281754362],[-73.9591418216466,40.8243258700755],[-73.9572604096092,40.8271255903572],[-73.9569501032742,40.8270088344069],[-73.9563192846895,40.8279524960673],[-73.9550405689278,40.8274217130344],[-73.954543319633,40.827869757593],[-73.9502136236165,40.8343114020942],[-73.9482782043971,40.8338737382157],[-73.9403478670946,40.8304661250828]]]}},{"type":"Feature","properties":{"name":"Harlem (South)","borough":"Manhattan"},"geometry":{"type":"Polygon","coordinates":[[[-73.9417728346942,40.8070972779642],[-73.9427551055094,40.805752289609],[-73.9443573040084,40.8064218648007],[-73.9462018925711,40.8039147987666],[-73.9446005864077,40.8032333245998],[-73.9492347055902,40.7968802747574],[-73.9596482923734,40.8011646990835],[-73.9582502204494,40.8031147622258],[-73.9582200597571,40.8055638323817],[-73.9549680091285,40.8100728324371],[-73.9535772148055,40.8094849753268],[-73.9521026887233,40.8114511311024],[-73.9417728346942,40.8070972779642]]]}},{"type":"Feature","properties":{"name":"Harlem (North)","borough":"Manhattan"},"geometry":{"type":"Polygon","coordinates":[[[-73.9351580247655,40.8326906883779],[-73.9338315230964,40.819728022537],[-73.9338314386887,40.8194993755594],[-73.9344766684492,40.819705775859],[-73.9340760697039,40.8178347932049],[-73.9417728348071,40.8070972783329],[-73.9521026884359,40.8114511306939],[-73.9492155402791,40.8147080494668],[-73.9460797219111,40.8212714956978],[-73.9451614842438,40.8208873233243],[-73.9429251037508,40.8232688676021],[-73.9392502902436,40.8283046329086],[-73.9386417001289,40.8297471563291],[-73.9401427456601,40.8303802710414],[-73.938950031467,40.8324256180718],[-73.9346753632027,40.8360731866998],[-73.9344502089247,40.8359197173921],[-73.9349167686399,40.8352391052319],[-73.9351580247655,40.8326906883779]]]}},{"type":"Feature","properties":{"name":"East Harlem (South)","borough":"Manhattan"},"geometry":{"type":"MultiPolygon","coordinates":[[[[-73.9410364004892,40.7925549434714],[-73.938650263173,40.7915660289892],[-73.9377375514082,40.7928240785633],[-73.9350554902656,40.7916945056931],[-73.9370824748995,40.7893746695202],[-73.9362200294652,40.788808771304],[-73.937151085697,40.7891767233311],[-73.9381171321729,40.7871930361035],[-73.9398276286718,40.7852648248227],[-73.9424711362578,40.7839047334977],[-73.9436496672818,40.7826644341024],[-73.9557787945598,40.7879221973408],[-73.9483126884285,40.7981374926967],[-73.941877478706,40.7954141443761],[-73.943273943893,40.7934963783395],[-73.9410364004892,40.7925549434714]]]]}},{"type":"Feature","properties":{"name":"East Harlem (North)","borough":"Manhattan"},"geometry":{"type":"MultiPolygon","coordinates":[[[[-73.9338292060753,40.8194237752224],[-73.93386653417,40.8141614367265],[-73.9343400772707,40.8095704921905],[-73.9335626235088,40.8076089548865],[-73.9303101943696,40.8037942917338],[-73.9290363316119,40.8010891802357],[-73.9290378300816,40.7967708701425],[-73.9300702395083,40.794709103705],[-73.9350554902656,40.7916945056931],[-73.9377375514082,40.7928240785633],[-73.938650263173,40.7915660289892],[-73.943273943893,40.7934963783395],[-73.941877478706,40.7954141443761],[-73.9483126884285,40.7981374926967],[-73.9446005864077,40.8032333245998],[-73.9462018925711,40.8039147987666],[-73.9443573040084,40.8064218648007],[-73.9427551055094,40.805752289609],[-73.9348748697063,40.8165361272196],[-73.9340760702956,40.8178347934295],[-73.934476668188,40.8197057762297],[-73.9338292060753,40.8194237752224]]],[[[-73.9270478315245,40.8006600194009],[-73.9265109770462,40.8006653084166],[-73.9270478315245,40.8006600194009]]],[[[-73.9272044254389,40.797395024195],[-73.9277083698254,40.7973069385676],[-73.9272044254389,40.797395024195]]],[[[-73.9271707587942,40.8004141305159],[-73.9266670831989,40.800190990327],[-73.9271707587942,40.8004141305159]]],[[[-73.9267266905966,40.8004156146533],[-73.9265398922632,40.8003421751357],[-73.9267266905966,40.8004156146533]]]]}},{"type":"Feature","properties":{"name":"Washington Heights (South)","borough":"Manhattan"},"geometry":{"type":"Polygon","coordinates":[[[-73.9313949859399,40.8474365167705],[-73.9355684055167,40.8417208116557],[-73.9350565210517,40.8393415204838],[-73.9363846015077,40.8378584083672],[-73.9380251748838,40.8343157740331],[-73.9394806114849,40.833022295172],[-73.9402328021032,40.8318724746572],[-73.9403478670946,40.8304661250828],[-73.9482782043971,40.8338737382157],[-73.9502136236165,40.8343114020942],[-73.9485619830129,40.8395731678811],[-73.9461256015074,40.8439007807102],[-73.9463522180051,40.8462486153905],[-73.9468258911385,40.847142546329],[-73.946636937886,40.8489207101755],[-73.9469658548935,40.8504738112255],[-73.9431886300132,40.8497631280378],[-73.9438914387474,40.8482111965123],[-73.9420553867526,40.8483250187523],[-73.938037595374,40.8475660400714],[-73.9376738033069,40.8484010143053],[-73.9363982652123,40.8495494814399],[-73.9313949859399,40.8474365167705]]]}},{"type":"Feature","properties":{"name":"Washington Heights (North)","borough":"Manhattan"},"geometry":{"type":"Polygon","coordinates":[[[-73.928727864244,40.8667497174474],[-73.92727058282,40.8655428488609],[-73.9247429647049,40.8616019266129],[-73.9252883326132,40.860133187834],[-73.9269823433903,40.8586137693718],[-73.926912606208,40.8575170490131],[-73.9263125042987,40.8581181693045],[-73.9254741355571,40.8581938712456],[-73.9250031858774,40.8578857528265],[-73.9246358441674,40.8568933225869],[-73.9276970886232,40.8524960692546],[-73.927034587718,40.8522090615484],[-73.9274782356974,40.8507026569354],[-73.9297745600563,40.8481237467371],[-73.9306225114587,40.8484892630328],[-73.9313949859399,40.8474365167705],[-73.9363982652123,40.8495494814399],[-73.9376738033069,40.8484010143053],[-73.938037595374,40.8475660400714],[-73.9420553867526,40.8483250187523],[-73.9438914387474,40.8482111965123],[-73.9431886300132,40.8497631280378],[-73.9469658542312,40.8504738117278],[-73.9465173400079,40.8509766240995],[-73.9462764527283,40.8508492626782],[-73.944668649093,40.8519295117794],[-73.94348122241,40.8522901678268],[-73.9418714001386,40.853876025191],[-73.9402949111685,40.8566500570033],[-73.9340180789622,40.8650438375022],[-73.932664761611,40.8672453551198],[-73.9328410165144,40.8674235656229],[-73.9325203184045,40.8674187925902],[-73.9322691326118,40.868570608933],[-73.9326522695948,40.8684733229075],[-73.9322517518994,40.8686477978413],[-73.9325703892997,40.8689876927429],[-73.9321904726339,40.8693752665096],[-73.9324702651685,40.869484389519],[-73.9323551425228,40.8697635449846],[-73.9321348003887,40.869424265573],[-73.9321999848944,40.8698531611241],[-73.9315668035846,40.8695904481189],[-73.9315052789797,40.8690435111464],[-73.928727864244,40.8667497174474]]]}},{"type":"Feature","properties":{"name":"Inwood","borough":"Manhattan"},"geometry":{"type":"MultiPolygon","coordinates":[[[[-73.9223460232432,40.8556906238331],[-73.9215203708221,40.8566094577188],[-73.9223460232432,40.8556906238331]]],[[[-73.9223460232432,40.8556906238331],[-73.9228806466208,40.855885547083],[-73.9228893805804,40.8588652291504],[-73.9272705827484,40.8655428489267],[-73.9287278639434,40.8667497173005],[-73.9261999094823,40.8685217897221],[-73.9223450374287,40.8694673310315],[-73.9221429557694,40.8691560866764],[-73.921627657651,40.8694004746009],[-73.9192562466465,40.8710161332686],[-73.9197003059111,40.872071821388],[-73.9184306743947,40.8730180694205],[-73.9140112825739,40.8711688843412],[-73.9114273892411,40.8731900581926],[-73.9106502005966,40.8723045398396],[-73.910435063784,40.8713891072085],[-73.9109263402716,40.869444882216],[-73.9114759166519,40.8694630483589],[-73.9110320076678,40.8691636941144],[-73.9111303366367,40.8689283333559],[-73.9127331674906,40.8666135021791],[-73.9125491788704,40.8665232328772],[-73.913920059289,40.8647538736925],[-73.9149253076593,40.8645886679342],[-73.9144125620487,40.8641819156245],[-73.9150872668089,40.8644564332147],[-73.9159005454249,40.8643163272685],[-73.9151971768473,40.8639535138231],[-73.9153881591841,40.8630926737981],[-73.9172961067788,40.861687706486],[-73.9195035660686,40.8587994221355],[-73.92048011269,40.8591123805208],[-73.92127234331,40.8601963311786],[-73.9215915787864,40.8600810885538],[-73.9218677683397,40.8591896271373],[-73.9209160285619,40.8582272544905],[-73.9211453959697,40.8575595119197],[-73.9223783878609,40.8565918572469],[-73.9223460232432,40.8556906238331]]]]}},{"type":"Feature","properties":{"name":"Astoria (North)-Ditmars-Steinway","borough":"Queens"},"geometry":{"type":"Polygon","coordinates":[[[-73.906474567865,40.7901894504595],[-73.900327717096,40.7890159377735],[-73.8959310471396,40.7856572188656],[-73.8961277441373,40.7856014427204],[-73.8958305615441,40.7852298020503],[-73.8987630447574,40.7827572202342],[-73.9011471951377,40.7827193805723],[-73.9021795722073,40.7817888358363],[-73.9025807159472,40.7802973931921],[-73.902184456939,40.7803676398297],[-73.9020370777448,40.7812113756272],[-73.9012926948955,40.7818666925905],[-73.9003510264746,40.7821726842767],[-73.8986557961934,40.7820036936067],[-73.8943791966368,40.7842514776683],[-73.8960651953241,40.7831654766196],[-73.8947757077254,40.7822618661688],[-73.8953589225968,40.7816659304498],[-73.8946023352784,40.7822614330857],[-73.895345895552,40.7815938396937],[-73.8941661081791,40.782480320964],[-73.8930623237831,40.7818565640082],[-73.8923089178588,40.7824743158647],[-73.8927505947093,40.782973980712],[-73.8916560074651,40.7822030560642],[-73.8922433272214,40.782419072662],[-73.8930112788231,40.7818062974035],[-73.8916724532595,40.7808631281238],[-73.8915930567248,40.7805893942839],[-73.8925415978252,40.7795601074557],[-73.8916700127014,40.7795008127621],[-73.8911973127492,40.778571561651],[-73.8925240149209,40.7774129028158],[-73.8914174730138,40.7763472292741],[-73.891833863115,40.7748884730352],[-73.8911218570945,40.7771329735455],[-73.8900887100644,40.7777924659293],[-73.8894724687957,40.7755438249093],[-73.8901931304472,40.7736551493028],[-73.8894562821996,40.7735412244332],[-73.8887458534741,40.7689264515167],[-73.8882223494198,40.7686296869989],[-73.8877312940495,40.7669227057282],[-73.8908918506716,40.7658664693987],[-73.8910916918364,40.7663449066279],[-73.8938612917926,40.7664297163982],[-73.8943251356705,40.7661547423254],[-73.9041377963197,40.7675285883887],[-73.9057749488994,40.7680368597772],[-73.9172585713455,40.7698618008361],[-73.918080175328,40.7700702665251],[-73.9177035962856,40.7704013826988],[-73.9239828542771,40.7746233838054],[-73.923027139134,40.7753925814254],[-73.9237590381628,40.7765552842284],[-73.9179672378692,40.7812645648295],[-73.9199660120759,40.7826433424995],[-73.918190053811,40.7839412399224],[-73.917172610669,40.7842017578164],[-73.9168341935076,40.7851996664313],[-73.9152615628354,40.786200491187],[-73.9155885251918,40.7864379052571],[-73.9126012815599,40.7893846040399],[-73.9124095316863,40.7892825784615],[-73.9126689058257,40.7890122502781],[-73.9118391995787,40.7896891593952],[-73.9109443970197,40.7897633184462],[-73.9098600522951,40.7909537692349],[-73.906474567865,40.7901894504595]]]}},{"type":"Feature","properties":{"name":"Old Astoria-Hallets Point","borough":"Queens"},"geometry":{"type":"Polygon","coordinates":[[[-73.9282787351645,40.7769072475057],[-73.9239828544843,40.7746233840709],[-73.9278082119846,40.7698973089815],[-73.9264748375652,40.7692796664971],[-73.9303668872444,40.7644990200593],[-73.9361852262287,40.7677000717648],[-73.9359331991082,40.7677919723916],[-73.9357727693371,40.7690582799254],[-73.9347186129852,40.7700381288263],[-73.9342475252062,40.7710375459953],[-73.9348082427203,40.7717424088268],[-73.9374678155495,40.7725397656275],[-73.9378595479652,40.7740958397658],[-73.937656260641,40.7750939563789],[-73.9363816576112,40.7769297279618],[-73.9347449590942,40.7780846070596],[-73.9317897710735,40.7778788788507],[-73.9310510707486,40.7774501689999],[-73.930629992894,40.7765991742855],[-73.9298820129726,40.7762299033922],[-73.9282787351645,40.7769072475057]]]}},{"type":"Feature","properties":{"name":"Astoria (Central)","borough":"Queens"},"geometry":{"type":"Polygon","coordinates":[[[-73.9119416809468,40.7690184238266],[-73.9145004459752,40.7658646700187],[-73.9137021353547,40.7654885093934],[-73.9149935373041,40.7639005741357],[-73.9157925958776,40.7642760407731],[-73.9241584245656,40.7539694096641],[-73.9321534296752,40.7577186531137],[-73.9296520459774,40.7608060305682],[-73.930551065789,40.7612288698326],[-73.929435834558,40.7623883621469],[-73.9313376883827,40.7632847106058],[-73.9264748375652,40.7692796664971],[-73.9278082119846,40.7698973089815],[-73.9239828544843,40.7746233840709],[-73.9177035958776,40.7704013823639],[-73.9180801756013,40.7700702665933],[-73.9119416809468,40.7690184238266]]]}},{"type":"Feature","properties":{"name":"Astoria (East)-Woodside (North)","borough":"Queens"},"geometry":{"type":"Polygon","coordinates":[[[-73.9020265835069,40.7674250545887],[-73.9035136957605,40.7658577304966],[-73.9020743760626,40.7623892398801],[-73.9015299328546,40.7596361649174],[-73.898556345997,40.7599323735595],[-73.8994516103968,40.7586059957385],[-73.8997434087247,40.7575198483826],[-73.8985436470525,40.7541783807019],[-73.9102326662919,40.7529847916022],[-73.917633351049,40.7538661163202],[-73.9256288624045,40.7521455116791],[-73.9157925958776,40.7642760407731],[-73.9149935373041,40.7639005741357],[-73.9137021353547,40.7654885093934],[-73.9145004459752,40.7658646700187],[-73.9119416809468,40.7690184238266],[-73.904137796335,40.7675285885003],[-73.9020265835069,40.7674250545887]]]}},{"type":"Feature","properties":{"name":"Queensbridge-Ravenswood-Dutch Kills","borough":"Queens"},"geometry":{"type":"Polygon","coordinates":[[[-73.9345287293678,40.771185045443],[-73.9342475252062,40.7710375459953],[-73.9344759190058,40.7704198673802],[-73.9357727693371,40.7690582799254],[-73.9359331991082,40.7677919723916],[-73.9361852262287,40.7677000717648],[-73.9303668872444,40.7644990200593],[-73.9313376883827,40.7632847106058],[-73.929435834558,40.7623883621469],[-73.930551065789,40.7612288698326],[-73.9296520459774,40.7608060305682],[-73.9321534296752,40.7577186531137],[-73.9241584245656,40.7539694096641],[-73.9256288624045,40.7521455116791],[-73.9322776597436,40.7519621533626],[-73.9338341202706,40.7516129684719],[-73.936096417247,40.7497397969646],[-73.935388280005,40.7494201997039],[-73.936864984333,40.74842952945],[-73.9381185755264,40.7498409746614],[-73.9508406041735,40.7552263502605],[-73.941313179824,40.7669262740381],[-73.9398370228315,40.7679962754686],[-73.938956454912,40.767966455772],[-73.9381987377282,40.7687080140834],[-73.9368160356362,40.7689122172932],[-73.9364052470146,40.7694831544582],[-73.9357416437595,40.7693755003126],[-73.9352415976044,40.769687595485],[-73.9346964198338,40.7704336077072],[-73.9351485826799,40.7705502262522],[-73.9350095680308,40.7711706646845],[-73.9345287293678,40.771185045443]]]}},{"type":"Feature","properties":{"name":"Long Island City-Hunters Point","borough":"Queens"},"geometry":{"type":"Polygon","coordinates":[[[-73.936864984333,40.74842952945],[-73.9366382464691,40.7482123601558],[-73.9403283893713,40.7454214088137],[-73.9434288581121,40.7442394377498],[-73.9440117332377,40.743647719237],[-73.9441970466589,40.7428904110667],[-73.9403170262777,40.7444127634465],[-73.937262534958,40.7451847558869],[-73.9386811165105,40.7382165662004],[-73.9414631634134,40.7392568474721],[-73.9405103172469,40.7401222058013],[-73.939110170274,40.7426252997642],[-73.938671346279,40.7425423466116],[-73.9385892985121,40.7429391478573],[-73.9400206589767,40.7432165368822],[-73.940150014451,40.7428407060534],[-73.9396544442876,40.7427393516865],[-73.9415961298226,40.7398723901302],[-73.942902848177,40.7390120657539],[-73.9454837965681,40.7382152952968],[-73.947152302995,40.7379083867267],[-73.9513821471435,40.7393447408102],[-73.9538102726406,40.7398285565027],[-73.9574161415704,40.7395648453581],[-73.9607272392791,40.7380884331208],[-73.9621664922081,40.7382808011878],[-73.9626096330368,40.7388038009832],[-73.9622106003911,40.7400144387647],[-73.9612484153056,40.7404318604975],[-73.9619389354174,40.7408031422463],[-73.9618054103006,40.7411059369668],[-73.9612200637429,40.7411161236473],[-73.961075360892,40.7417027683892],[-73.9613663017474,40.7418454618082],[-73.9611095809064,40.741836288565],[-73.9615539677337,40.7420015250862],[-73.9611917331971,40.7426531190789],[-73.9605439562782,40.7434746580962],[-73.9597761435441,40.7435129482404],[-73.9597074191738,40.7438669141703],[-73.9605700031154,40.7440379306974],[-73.959633685786,40.7439428965433],[-73.9593925015864,40.7442915884446],[-73.9601274453599,40.7444522006979],[-73.9592351248986,40.7443183072406],[-73.9587768053543,40.7445638646442],[-73.9594438449353,40.744612484374],[-73.9588806347806,40.7446325957427],[-73.9587599830149,40.7449532701103],[-73.9596673408478,40.7451785644472],[-73.9584953282771,40.744996129289],[-73.9593351133328,40.7455294660762],[-73.9585037098892,40.7457732382399],[-73.959145152445,40.7460088677242],[-73.9570424077868,40.7489286165702],[-73.9531852586395,40.7477430775603],[-73.953055189405,40.7480957523997],[-73.9563230598951,40.7490898186803],[-73.9560130377433,40.749382260048],[-73.9562234249992,40.7495255688724],[-73.9557618260589,40.7496049249013],[-73.9562028021466,40.7496938986966],[-73.9554658039234,40.7496824784793],[-73.9553507196876,40.7500221223712],[-73.9550679600308,40.7496409962805],[-73.95450001532,40.7512341014748],[-73.9508406041735,40.7552263502605],[-73.9381185755264,40.7498409746614],[-73.936864984333,40.74842952945]]]}},{"type":"Feature","properties":{"name":"Sunnyside","borough":"Queens"},"geometry":{"type":"Polygon","coordinates":[[[-73.9097129014373,40.7497629764917],[-73.9101513508372,40.7485298396667],[-73.9116434467915,40.7486928430165],[-73.9119112101986,40.7481136615485],[-73.9124499583831,40.7459286688798],[-73.9112486421098,40.745792259722],[-73.9119884609675,40.7421972452347],[-73.9138292398227,40.7424219545566],[-73.9144362523721,40.7405393190216],[-73.9157367773674,40.7407998249031],[-73.9171788012179,40.7369061349757],[-73.9165166481742,40.7367656107404],[-73.9168988388999,40.7354529727784],[-73.917494496956,40.7354296099473],[-73.9183525123884,40.7331608224667],[-73.9188157984857,40.7332159183048],[-73.9190232251893,40.7320961023403],[-73.9173160626788,40.7314500125166],[-73.9183653725203,40.7259391451443],[-73.9221701995136,40.7264956736638],[-73.9264535926385,40.7281325440654],[-73.9279103519282,40.7282615784806],[-73.928487336133,40.7277668427193],[-73.930441135696,40.7285713994222],[-73.9345331903663,40.729113068133],[-73.9364828134083,40.7296947824905],[-73.9391119733006,40.7313880689113],[-73.9400685219341,40.7337704157995],[-73.9416261556532,40.7358497055104],[-73.9459455341037,40.7375207790488],[-73.9414631634134,40.7392568474721],[-73.9386811165105,40.7382165662004],[-73.937262534958,40.7451847558869],[-73.9376982436011,40.7452468404145],[-73.9267723634885,40.7476006942994],[-73.9207992699558,40.7468989577929],[-73.9203437539825,40.7491672273999],[-73.9154074202816,40.7501193430304],[-73.9134857712619,40.7502075791493],[-73.9097129014373,40.7497629764917]]]}},{"type":"Feature","properties":{"name":"Woodside","borough":"Queens"},"geometry":{"type":"Polygon","coordinates":[[[-73.8956461125847,40.7484819733352],[-73.8908881156132,40.7406955110598],[-73.8946921730455,40.7402404048564],[-73.8872544192147,40.7388442402792],[-73.887536811522,40.7367708082502],[-73.8913699682633,40.736069596653],[-73.8893631889769,40.73584660271],[-73.8885242712123,40.7345394247881],[-73.8925569593803,40.7344863914337],[-73.8949256313602,40.7350159868259],[-73.8985491421458,40.735200175235],[-73.9002246555862,40.7347709171685],[-73.9010811245249,40.7339228994944],[-73.9051709053268,40.735867907579],[-73.9060197202613,40.7340190038076],[-73.9056878761668,40.7339240893617],[-73.9062904518415,40.7324090152674],[-73.9106901825858,40.7334793455325],[-73.9085564333611,40.73793868999],[-73.9075563221364,40.7416728299129],[-73.9119884609675,40.7421972452347],[-73.9112486421098,40.745792259722],[-73.9124499583831,40.7459286688798],[-73.9119112101986,40.7481136615485],[-73.9116434467915,40.7486928430165],[-73.9101513508372,40.7485298396667],[-73.9094532460695,40.7506637740888],[-73.9102326662919,40.7529847916022],[-73.8987395800579,40.7541619391978],[-73.8976840852404,40.7524081507262],[-73.8970763017735,40.7499530800465],[-73.8963601119931,40.7487785575254],[-73.8956461125847,40.7484819733352]]]}},{"type":"Feature","properties":{"name":"Jackson Heights","borough":"Queens"},"geometry":{"type":"Polygon","coordinates":[[[-73.8736586259002,40.7568117552576],[-73.8694259914507,40.7491651198238],[-73.8917519003569,40.7468199947013],[-73.8963601119931,40.7487785575254],[-73.8972667820534,40.7503492159669],[-73.8976789794632,40.7523935407549],[-73.8987395800579,40.7541619391978],[-73.8997434087247,40.7575198483826],[-73.8994516103968,40.7586059957385],[-73.898556345997,40.7599323735595],[-73.8987739242474,40.7599238465543],[-73.8964578965353,40.7632131082154],[-73.8950980117942,40.7643648485409],[-73.8943251355209,40.7661547424975],[-73.8938612917883,40.7664297165831],[-73.8910916920729,40.7663449065157],[-73.8908918509084,40.7658664694385],[-73.8877312946069,40.7669227060143],[-73.8863985354772,40.7612247233189],[-73.8789552374547,40.7619922524683],[-73.8760151277605,40.7614520026207],[-73.8751401515784,40.7566420856305],[-73.8736586259002,40.7568117552576]]]}},{"type":"Feature","properties":{"name":"East Elmhurst","borough":"Queens"},"geometry":{"type":"Polygon","coordinates":[[[-73.8609383193503,40.7637368869473],[-73.8591251616839,40.7612837701965],[-73.8560412113828,40.7597340589257],[-73.8546413594178,40.7584744284104],[-73.8585627930296,40.7579207072561],[-73.8656757751414,40.7576378529517],[-73.8751401515784,40.7566420856305],[-73.8760151277605,40.7614520026207],[-73.8789552374547,40.7619922524683],[-73.8863985354772,40.7612247233189],[-73.8877312946069,40.7669227060143],[-73.8843205163533,40.7679899329673],[-73.8769956725468,40.7714309327842],[-73.8744114130837,40.7718558785659],[-73.8718478705592,40.7717503525799],[-73.8688320779858,40.7707414746338],[-73.8659848989781,40.7688683994139],[-73.8631247422515,40.7663105655854],[-73.8609383193503,40.7637368869473]]]}},{"type":"Feature","properties":{"name":"North Corona","borough":"Queens"},"geometry":{"type":"Polygon","coordinates":[[[-73.8522059064315,40.7526689519548],[-73.8611184796529,40.7500324976329],[-73.8694259914507,40.7491651198238],[-73.8736586259002,40.7568117552576],[-73.8656757751414,40.7576378529517],[-73.8585627930296,40.7579207072561],[-73.8546413594178,40.7584744284104],[-73.8535961771814,40.7567045189862],[-73.8522059064315,40.7526689519548]]]}},{"type":"Feature","properties":{"name":"Elmhurst","borough":"Queens"},"geometry":{"type":"Polygon","coordinates":[[[-73.8646233380855,40.7342899556733],[-73.880054152301,40.7289989502362],[-73.8852785799209,40.7284153440469],[-73.8872062359337,40.7278770924496],[-73.8875610316909,40.7302053196963],[-73.8880611633011,40.7300954951209],[-73.8885242712123,40.7345394247881],[-73.8893631889769,40.73584660271],[-73.8913800031711,40.7359265779408],[-73.887536811522,40.7367708082502],[-73.8872544192147,40.7388442402792],[-73.8946921730455,40.7402404048564],[-73.8908881156132,40.7406955110598],[-73.8956461125847,40.7484819733352],[-73.8917519003569,40.7468199947013],[-73.8694259914507,40.7491651198238],[-73.8685306582867,40.7475965702738],[-73.8674927550288,40.7433103151842],[-73.867563939493,40.7409501563567],[-73.8646233380855,40.7342899556733]]]}},{"type":"Feature","properties":{"name":"Corona","borough":"Queens"},"geometry":{"type":"Polygon","coordinates":[[[-73.847557195663,40.7390721828347],[-73.8519138878903,40.7374316735906],[-73.8588669589964,40.7359474053938],[-73.8646233380855,40.7342899556733],[-73.867563939493,40.7409501563567],[-73.8674927550288,40.7433103151842],[-73.8685306582867,40.7475965702738],[-73.8694259914507,40.7491651198238],[-73.8611184796529,40.7500324976329],[-73.8522059064315,40.7526689519548],[-73.8508657968424,40.7500039109907],[-73.8544271537905,40.7488599961554],[-73.8501169657476,40.7407318301245],[-73.847793134142,40.7398390532438],[-73.847557195663,40.7390721828347]]]}},{"type":"Feature","properties":{"name":"Maspeth","borough":"Queens"},"geometry":{"type":"Polygon","coordinates":[[[-73.8885242712123,40.7345394247881],[-73.8880611633011,40.7300954951209],[-73.8875610316909,40.7302053196963],[-73.8872371415238,40.7289412283815],[-73.8870785316497,40.7246459647292],[-73.8825892785706,40.725091028413],[-73.8816354989869,40.7238887169385],[-73.8942367370902,40.717932641099],[-73.8945764402145,40.7183857111227],[-73.8928639804235,40.7192189673971],[-73.8947403373978,40.7215855554107],[-73.8942802092785,40.7217822647746],[-73.8949736034954,40.7228318580075],[-73.8942663547995,40.7231514512569],[-73.8956988464323,40.7234208485569],[-73.8958252203012,40.7239070845625],[-73.8983542648204,40.723120553064],[-73.8990333330958,40.7238652226286],[-73.900113651125,40.7233164278267],[-73.8998175152947,40.7212451630574],[-73.8973984620485,40.7215594718759],[-73.8973673973518,40.7204726455851],[-73.9000942779738,40.7201851148941],[-73.9006278588018,40.7197723154997],[-73.9003404570796,40.7180282096901],[-73.8983490149528,40.7192059399939],[-73.8972689917895,40.7181554178181],[-73.8990196239827,40.7173903885113],[-73.8975879493915,40.7165029761658],[-73.8955396637586,40.713811894173],[-73.8950661067079,40.7124878229493],[-73.9240415347955,40.7140165721373],[-73.9236849437509,40.7140911014468],[-73.9241238381855,40.7151463081727],[-73.9236703792815,40.7155438272564],[-73.92233112359,40.7160848051466],[-73.9206440107603,40.7157814520026],[-73.9205704767058,40.7160119683622],[-73.9222390331448,40.7163907010341],[-73.9239400959011,40.7190510172863],[-73.9238371766985,40.7201564242952],[-73.9242450720595,40.721437759715],[-73.9251984636163,40.7224579149892],[-73.9244244105873,40.7235982363546],[-73.9221447319272,40.7237158184951],[-73.9207349827801,40.7233180742182],[-73.9203720641028,40.7236893743491],[-73.924285767745,40.7242992741114],[-73.9252836465031,40.7247291354642],[-73.928487336133,40.7277668427193],[-73.9279103519282,40.7282615784806],[-73.9264535926385,40.7281325440654],[-73.9221701995136,40.7264956736638],[-73.9183653725203,40.7259391451443],[-73.9179683870099,40.7285090331902],[-73.9150737577705,40.7279790832977],[-73.9150535997505,40.7286094436852],[-73.9120496692465,40.7285496705536],[-73.9117320372783,40.7299723871494],[-73.9070700900052,40.7274747861823],[-73.9051819957338,40.7289648407415],[-73.900616650334,40.7344846144687],[-73.8998265462455,40.7349396594752],[-73.8983094115392,40.7352024488859],[-73.8949256313602,40.7350159868259],[-73.8925569593803,40.7344863914337],[-73.8885242712123,40.7345394247881]]]}},{"type":"Feature","properties":{"name":"Ridgewood","borough":"Queens"},"geometry":{"type":"Polygon","coordinates":[[[-73.8950661067079,40.7124878229493],[-73.8884214172649,40.7122782181921],[-73.8873126011799,40.7105671759941],[-73.8881326273883,40.710350402534],[-73.8878535121711,40.7098992901597],[-73.8886234344519,40.7096761876304],[-73.8882174012661,40.7089069462075],[-73.8893826163579,40.7085554313503],[-73.8893006547345,40.7079078293286],[-73.8855335511332,40.7064539426204],[-73.8855508780515,40.7061628778477],[-73.8865296771186,40.7062334656702],[-73.8891205874973,40.7056071369797],[-73.8898447122555,40.7049806611273],[-73.895004638361,40.6997206356864],[-73.8948513610315,40.6985978808285],[-73.8957814623644,40.6985192201011],[-73.895585988038,40.6971358991994],[-73.8983832641332,40.6961442544027],[-73.9005854460982,40.6924060428502],[-73.9013998194716,40.6915982479412],[-73.9057973853843,40.6941354122644],[-73.9042615983524,40.6957086280531],[-73.9118082379389,40.6999551397022],[-73.9106802439872,40.7010542270007],[-73.9129054584045,40.7023701494135],[-73.9118085171524,40.7034432103918],[-73.9218932676952,40.7094043558929],[-73.9207499515694,40.7105419079012],[-73.9215474376544,40.7110515425493],[-73.922236085583,40.7128642142111],[-73.9240415347955,40.7140165721373],[-73.8950661067079,40.7124878229493]]]}},{"type":"Feature","properties":{"name":"Glendale","borough":"Queens"},"geometry":{"type":"Polygon","coordinates":[[[-73.8572942727232,40.7114759385328],[-73.856678543164,40.7077001350877],[-73.8559393398567,40.7064045486215],[-73.8547179240108,40.7067777573395],[-73.8547096384879,40.7052192350194],[-73.8525215886036,40.7022999833253],[-73.8552941577919,40.7026037614581],[-73.8552971131423,40.7019992691614],[-73.8572290264856,40.7016599797751],[-73.8572807397102,40.7012207731546],[-73.8582754581128,40.7012319192067],[-73.8589336431641,40.7013286047217],[-73.8580859153697,40.7029050372858],[-73.8628099579158,40.7034191753744],[-73.8763992569931,40.7023023011513],[-73.8762185473873,40.7016032642334],[-73.8817445837537,40.6995421532115],[-73.8828108926285,40.7006917139925],[-73.8877143893763,40.6996863343259],[-73.8881816671359,40.6988661697021],[-73.8878359790062,40.6976662059699],[-73.8864867120166,40.6964481726354],[-73.8886555775558,40.6958378060799],[-73.8881834588327,40.6950660250831],[-73.8919052719386,40.6943235938576],[-73.8924534866745,40.695233986221],[-73.8950783548267,40.6945996464152],[-73.8955876657052,40.6939874190894],[-73.8935807606947,40.693093585702],[-73.8932635091959,40.6922092037664],[-73.894744119763,40.6926452098006],[-73.8969579467441,40.691957464246],[-73.8976877304151,40.6933735153643],[-73.8974287134777,40.6932972370275],[-73.8969116250924,40.6938505270406],[-73.8973640692575,40.6941191044413],[-73.900031804247,40.6934457075575],[-73.8983832641332,40.6961442544027],[-73.895585988038,40.6971358991994],[-73.8957814623644,40.6985192201011],[-73.8948513610315,40.6985978808285],[-73.895004638361,40.6997206356864],[-73.8891205874973,40.7056071369797],[-73.8865296771186,40.7062334656702],[-73.8855508780515,40.7061628778477],[-73.8855335511332,40.7064539426204],[-73.8837743774915,40.7063024617276],[-73.8691114745929,40.7070975968345],[-73.8701802045023,40.7092401320764],[-73.8650112225864,40.7107851703724],[-73.8596555691669,40.7133882237158],[-73.8597607289216,40.7118533211128],[-73.8572942727232,40.7114759385328]]]}},{"type":"Feature","properties":{"name":"Middle Village","borough":"Queens"},"geometry":{"type":"Polygon","coordinates":[[[-73.8654775117752,40.7202892010389],[-73.8705319603339,40.7181690142663],[-73.8723931178501,40.7178388407562],[-73.8715483377412,40.7126052089417],[-73.8691114745929,40.7070975968345],[-73.8808847346033,40.7064622378084],[-73.8776127475155,40.7071759660397],[-73.8787292389941,40.7100357954528],[-73.8792632189059,40.7099136082061],[-73.8794363621979,40.7102926797721],[-73.8790782589957,40.7103676502034],[-73.8800640839142,40.7126608344678],[-73.8868808394073,40.7122314465349],[-73.8877387586117,40.713644395634],[-73.8871231267974,40.7137679114867],[-73.887271888186,40.7150082873498],[-73.8906365712206,40.7188210080655],[-73.8930163045614,40.7161585455033],[-73.8942367370902,40.717932641099],[-73.8816354989869,40.7238887169385],[-73.8825892785706,40.725091028413],[-73.8870785316497,40.7246459647292],[-73.8872062359337,40.7278770924496],[-73.8852785799209,40.7284153440469],[-73.8803915162482,40.7289134835489],[-73.8752385819765,40.7307322231328],[-73.8714621475912,40.7293346384856],[-73.8692941096574,40.7244441929399],[-73.8654775117752,40.7202892010389]]]}},{"type":"Feature","properties":{"name":"Rego Park","borough":"Queens"},"geometry":{"type":"Polygon","coordinates":[[[-73.8587728142505,40.7357935555953],[-73.856258051126,40.7309673882976],[-73.8585123798667,40.7302950682941],[-73.8576306371001,40.728615186504],[-73.8579822975073,40.7287437099491],[-73.8594212818368,40.7264731017699],[-73.8572724814985,40.7256895622173],[-73.8580555692255,40.7244536699604],[-73.8620397410294,40.7259650494229],[-73.8599093659821,40.7243544989358],[-73.8586823768616,40.7226207039607],[-73.8572942727232,40.7114759385328],[-73.8597607289216,40.7118533211128],[-73.8596375701872,40.7139863937926],[-73.8600392997662,40.7149404976483],[-73.8652401090961,40.7199849727587],[-73.8692941096574,40.7244441929399],[-73.8714621475912,40.7293346384856],[-73.8752385819765,40.7307322231328],[-73.8646233380855,40.7342899556733],[-73.8587728142505,40.7357935555953]]]}},{"type":"Feature","properties":{"name":"Forest Hills","borough":"Queens"},"geometry":{"type":"Polygon","coordinates":[[[-73.8309796007144,40.7143218681046],[-73.8359784635534,40.7117142191062],[-73.8445387836869,40.7086693168754],[-73.8466586374379,40.7083269041048],[-73.8493329595448,40.7083965946955],[-73.8559393398567,40.7064045486215],[-73.856678543164,40.7077001350877],[-73.8586823768616,40.7226207039607],[-73.8599093659821,40.7243544989358],[-73.8620397410294,40.7259650494229],[-73.8580555692255,40.7244536699604],[-73.8572724814985,40.7256895622173],[-73.8594212818368,40.7264731017699],[-73.8579822975073,40.7287437099491],[-73.8576306371001,40.728615186504],[-73.8585123798667,40.7302950682941],[-73.856258051126,40.7309673882976],[-73.8587728142505,40.7357935555953],[-73.8513474458067,40.7375967190111],[-73.847557195663,40.7390721828347],[-73.8468950601639,40.7386794844304],[-73.8441902625335,40.7326502855299],[-73.8398557384635,40.7281858350111],[-73.8353818451525,40.7207304449617],[-73.8348849875599,40.7193115360755],[-73.8298346752554,40.7155760467614],[-73.8305060018318,40.7148652082414],[-73.8314600619062,40.7145627132874],[-73.8309796007144,40.7143218681046]]]}},{"type":"Feature","properties":{"name":"College Point","borough":"Queens"},"geometry":{"type":"MultiPolygon","coordinates":[[[[-73.8392369880076,40.76563986007],[-73.8394595318136,40.7654540412736],[-73.8390547474158,40.7659669511248],[-73.8392369880076,40.76563986007]]],[[[-73.8678854840082,40.7873693127663],[-73.8692363256457,40.7859781906216],[-73.8681005315197,40.7874669375771],[-73.8678854840082,40.7873693127663]]],[[[-73.8383915332486,40.7983131511404],[-73.8391914479168,40.7977855450979],[-73.8402600084687,40.7975971376703],[-73.8399723965403,40.79691392017],[-73.8390381677364,40.7970607545523],[-73.8384022305545,40.7967635368026],[-73.8370663879952,40.7938593766721],[-73.8365921849784,40.7920908283226],[-73.8375170654566,40.7910204077897],[-73.8375049883502,40.7904699380808],[-73.8368195481325,40.7904781836135],[-73.8374833130809,40.7904427753873],[-73.8372815721193,40.7890177519517],[-73.8371357290718,40.7895723112727],[-73.8356594806739,40.7895809479583],[-73.8353329009269,40.7892210192705],[-73.8341509314571,40.7890816376713],[-73.8334740420112,40.7884653752701],[-73.831443275066,40.7891814655001],[-73.8319525824846,40.789423050421],[-73.832150117287,40.7900415223917],[-73.8316925735011,40.7910781257898],[-73.8309935570488,40.7915761432542],[-73.8291105329478,40.7919068065184],[-73.8285203270198,40.7925025153287],[-73.8292331421645,40.793010566199],[-73.8283988272198,40.7925605753779],[-73.8277941752702,40.7933036675012],[-73.8280078463972,40.7949213780254],[-73.8288110262116,40.7961920469505],[-73.8294529740638,40.7966672395949],[-73.8300343409781,40.7961437704711],[-73.8294721221651,40.7966762189095],[-73.8297672542548,40.7968408417907],[-73.8302898675148,40.7962505394324],[-73.8305236730513,40.7964032491953],[-73.829958036895,40.7969205899432],[-73.8290610651501,40.7964707864768],[-73.8274256251499,40.7967569540027],[-73.826989166059,40.7970897185258],[-73.8270319546491,40.7977267371452],[-73.8228666905564,40.791492630252],[-73.8224870499505,40.7894985316755],[-73.823835370645,40.7867644765903],[-73.8249913237948,40.7817097402657],[-73.8252862349837,40.7817055681642],[-73.8282404423349,40.7764682212091],[-73.8301583260396,40.7738330171043],[-73.8318344529023,40.7723962356539],[-73.8362703144635,40.7696182448955],[-73.8382061360143,40.7676563192947],[-73.839257615927,40.7660424823834],[-73.8396991236791,40.7664009494005],[-73.839499456181,40.7670252899277],[-73.8397552779108,40.767128716962],[-73.8403131019033,40.7663030705833],[-73.844914728625,40.7655366597914],[-73.8478071519307,40.7667812205916],[-73.8486245391052,40.7681222473365],[-73.8481941091842,40.768488632346],[-73.8489979647341,40.7691565864542],[-73.8484675696668,40.7697347148775],[-73.8486729300407,40.7707698467089],[-73.8499438204541,40.7719354669019],[-73.8513024866338,40.7718146344825],[-73.8499530273522,40.7719665715132],[-73.8500420574409,40.7722328738559],[-73.8489776000326,40.7735699421078],[-73.8492167017876,40.774663135151],[-73.8489312881319,40.7755653546423],[-73.8491938056815,40.7757987435562],[-73.8489569951847,40.777969948146],[-73.8497488170255,40.7784223283655],[-73.8494613580558,40.7786648424561],[-73.8499349356288,40.7787773990453],[-73.8496377187466,40.7794901951516],[-73.8514889579968,40.7790012522276],[-73.8498186029556,40.7796386223904],[-73.8523540821012,40.7794889464824],[-73.85232226522,40.779177559324],[-73.8523897309084,40.7795371771924],[-73.8498224246262,40.7796596145058],[-73.8495538571006,40.7799648941847],[-73.8516723946631,40.7800435034103],[-73.849495214632,40.7800741036128],[-73.8498907234872,40.7810974103247],[-73.8509378673894,40.7811278504006],[-73.8498886827802,40.7811297861637],[-73.8498380028408,40.7816078999862],[-73.8491884966607,40.781650085987],[-73.8495491455858,40.7818493542821],[-73.8492539846186,40.7822730506395],[-73.8531513340996,40.7823322119982],[-73.8533207424054,40.7820428790734],[-73.855283832795,40.781983659381],[-73.8554520333457,40.7831513537288],[-73.8564551924022,40.783359200975],[-73.8566509159652,40.782900594233],[-73.8568426946111,40.783379639027],[-73.8580845868224,40.7837323540131],[-73.8579809880041,40.784677055489],[-73.8591087273772,40.7854703939084],[-73.8594646872871,40.7855031286455],[-73.8593500067164,40.7850355252504],[-73.8595097412334,40.7855432100134],[-73.8589918948524,40.7854998739535],[-73.8591260186343,40.7858584352811],[-73.858589810237,40.7861564158455],[-73.8586842393118,40.7865394433176],[-73.8581295766957,40.7870598375814],[-73.8568127425587,40.7866808895699],[-73.8559403444198,40.7876970107766],[-73.853453249276,40.7878343886793],[-73.8528437053808,40.7882196483485],[-73.8543850524608,40.7883284056131],[-73.85480335219,40.7886274309188],[-73.8544733454133,40.7902672522239],[-73.8526597110196,40.7911146976514],[-73.8537799537302,40.792429551115],[-73.8537349201617,40.7939436513376],[-73.8527676766639,40.7943975243045],[-73.8526323863975,40.794953131855],[-73.8515921758577,40.7940948080551],[-73.8490630105581,40.7933708875852],[-73.8487113966202,40.7954247595471],[-73.8462456086225,40.7961713739479],[-73.8455794293998,40.796029174043],[-73.8446005521306,40.794919828448],[-73.843548090523,40.7949222219451],[-73.8433077252357,40.7955092114999],[-73.8428500534065,40.7952216796653],[-73.8432863731118,40.796182671052],[-73.8428101525254,40.7954265010465],[-73.8422609948506,40.7955932477122],[-73.8428681541921,40.7969305074096],[-73.8421688746291,40.7956212181559],[-73.8414226280969,40.7951552298911],[-73.8413008357561,40.7962279475926],[-73.8401407039902,40.7968874664534],[-73.8404165796944,40.7976867157737],[-73.837871840533,40.7984501872288],[-73.8383915332486,40.7983131511404]]]]}},{"type":"Feature","properties":{"name":"Whitestone-Beechhurst","borough":"Queens"},"geometry":{"type":"Polygon","coordinates":[[[-73.7918627841897,40.7893081953264],[-73.7905843932835,40.7881389626219],[-73.7949414745472,40.7862832852095],[-73.7978331031976,40.7858539470358],[-73.8024238224364,40.7860272577397],[-73.802999206285,40.7814187525766],[-73.8032511342062,40.7812837567995],[-73.8030345722835,40.7809491469499],[-73.8037916157376,40.7756183885733],[-73.8148598961341,40.7764941986794],[-73.8145313685211,40.7788964509235],[-73.8233142625702,40.7795869357071],[-73.8222426695219,40.7817021558032],[-73.8249913240221,40.7817097399124],[-73.8238353707186,40.7867644767164],[-73.8225925810777,40.7891164578661],[-73.822474838122,40.790181534454],[-73.8228666903468,40.7914926301759],[-73.8270319545435,40.7977267367098],[-73.8266174505801,40.7977889689535],[-73.8261196150856,40.7972797137043],[-73.8250475210316,40.7973930865324],[-73.8239949607239,40.7980179082334],[-73.824234582916,40.7987035174761],[-73.8238608791621,40.7981624145948],[-73.8234346297017,40.7984147939623],[-73.8237248775083,40.7989075210011],[-73.8232551057396,40.7984778162439],[-73.8233069201635,40.7989711452857],[-73.8230040247755,40.7986505693395],[-73.8226124107499,40.7989014694954],[-73.8227941006396,40.7993480634867],[-73.822413664955,40.7990971934772],[-73.8226792739852,40.7994944150285],[-73.8223889422687,40.7991211708002],[-73.8216192864992,40.8000002676208],[-73.8204338540335,40.8006361440123],[-73.8205005943634,40.8010197479856],[-73.8204059436298,40.8006477803895],[-73.8192175740365,40.8006021915381],[-73.8172095320712,40.7992155605864],[-73.8168407015205,40.7991142209157],[-73.8165724838302,40.7994212940699],[-73.8168205503381,40.7991086835124],[-73.816460716611,40.7993542588468],[-73.8166821097491,40.7990706459444],[-73.8161150262046,40.7986163511449],[-73.8157755605717,40.7990314430022],[-73.8160807441873,40.7985798385957],[-73.8136804683445,40.7975540681398],[-73.813701029245,40.7970876952994],[-73.8133545639271,40.7976772362223],[-73.8135043660817,40.7969525383205],[-73.8128758808809,40.7971854221464],[-73.8125493814283,40.7980553443233],[-73.8122550472653,40.7981352261889],[-73.8117914191298,40.7980346116409],[-73.8116092051393,40.797380686645],[-73.8063647041242,40.7964018851937],[-73.806232739707,40.7968257569238],[-73.8063321567332,40.7964010206955],[-73.8053971220246,40.7961791012595],[-73.8053185058638,40.796514356665],[-73.8053408341321,40.7961722080355],[-73.8043496482956,40.7962223707839],[-73.8042749250938,40.7966495407032],[-73.8041667453125,40.7962372885772],[-73.8041163663924,40.7966891011886],[-73.8041378365446,40.7962425109802],[-73.803956142821,40.7966576689079],[-73.8038753921719,40.7963225925129],[-73.8034848513306,40.7964793923379],[-73.8034009622518,40.796923220192],[-73.8034651527644,40.7964826946857],[-73.8032398002541,40.7970867471578],[-73.8032620578071,40.7967147719339],[-73.8025807331297,40.7963037230048],[-73.800130002729,40.796455099819],[-73.7978997137059,40.7955675008045],[-73.7976713268754,40.7960021023626],[-73.7978715359713,40.7955602920288],[-73.7967370630406,40.7952172232804],[-73.7965131434906,40.7956616650373],[-73.7965601375298,40.7951456540287],[-73.794389668135,40.7948174974815],[-73.7943198510738,40.793574727763],[-73.794962182556,40.7918815793697],[-73.794030062686,40.7896323616066],[-73.7937290004132,40.7890436231633],[-73.7932408027874,40.7895385285738],[-73.7936214578275,40.7890049159996],[-73.7928629521089,40.7887979254522],[-73.7918627841897,40.7893081953264]]]}},{"type":"Feature","properties":{"name":"Bay Terrace-Clearview","borough":"Queens"},"geometry":{"type":"Polygon","coordinates":[[[-73.7817159887082,40.7905385997683],[-73.7812065982963,40.7895961934602],[-73.7779626240963,40.7883726021483],[-73.7740974773808,40.7863048447474],[-73.7740777610207,40.7859255632178],[-73.7716086980255,40.7830045431024],[-73.7682019312253,40.7794524569551],[-73.7671633128501,40.7797911539609],[-73.7670252989061,40.7800945119145],[-73.7667770796916,40.779820736172],[-73.7681631062847,40.7794050987182],[-73.7676059218547,40.7783073120319],[-73.7681577851486,40.7781335472764],[-73.768614055123,40.7791034883867],[-73.7755387002651,40.7770338752372],[-73.7758409600414,40.7786206507286],[-73.7916366446201,40.7742469311089],[-73.7936536872202,40.7733687146955],[-73.7956584041077,40.7730443627899],[-73.7974166114985,40.7740185958536],[-73.7985314786205,40.775199004841],[-73.8037916152652,40.7756183886489],[-73.8030345717926,40.7809491472747],[-73.8032511337778,40.781283756481],[-73.8029992064328,40.7814187529248],[-73.8024238222085,40.786027257457],[-73.797833102856,40.7858539472524],[-73.7949414743914,40.7862832847725],[-73.7905843929134,40.7881389623215],[-73.7918627836271,40.7893081955226],[-73.7902834079778,40.7903252417258],[-73.7856823960597,40.7903489512129],[-73.7838398064904,40.790649233806],[-73.7825321884191,40.7912850688104],[-73.7843429117756,40.7917576332558],[-73.7817484689006,40.7911416861045],[-73.7817159887082,40.7905385997683]]]}},{"type":"Feature","properties":{"name":"Murray Hill-Broadway Flushing","borough":"Queens"},"geometry":{"type":"Polygon","coordinates":[[[-73.8037916157376,40.7756183885733],[-73.7985314791987,40.7751990047598],[-73.7974166946626,40.7740186579702],[-73.7952168904402,40.7726831827069],[-73.7931808280417,40.7704114528522],[-73.7939605289162,40.7647035939048],[-73.7930268964022,40.764629466187],[-73.7934412941097,40.7607724011895],[-73.7907614280041,40.7609940427896],[-73.7903165505517,40.7578317233496],[-73.794933844624,40.7578063026686],[-73.8003017751553,40.7597105719259],[-73.811051019179,40.7614252943311],[-73.8206373237619,40.7588805397568],[-73.8234838444171,40.7646600653101],[-73.8246704826797,40.7704158818362],[-73.8265598135438,40.7701453575034],[-73.8265671825695,40.7706497507418],[-73.8295728452279,40.7707193860115],[-73.8305471205492,40.7702319569491],[-73.8305860191211,40.7716471492811],[-73.831518320851,40.7716659238922],[-73.8315944526037,40.7725682946824],[-73.8288843923335,40.7754352820092],[-73.8252862352656,40.7817055685444],[-73.8222426695219,40.7817021558032],[-73.8233142625702,40.7795869357071],[-73.8145313685211,40.7788964509235],[-73.8148598961341,40.7764941986794],[-73.8037916157376,40.7756183885733]]]}},{"type":"Feature","properties":{"name":"East Flushing","borough":"Queens"},"geometry":{"type":"Polygon","coordinates":[[[-73.794933844624,40.7578063026686],[-73.7945786522558,40.7535712831164],[-73.7947227950187,40.7506295909924],[-73.7972966301908,40.7494433237647],[-73.7947240317044,40.7476076008131],[-73.7945811432167,40.7464109538622],[-73.7953707514994,40.7466719662103],[-73.7973643246899,40.7464755164076],[-73.7982637377082,40.7469739265346],[-73.8033535262673,40.7464402352661],[-73.8027676767534,40.748130415682],[-73.802878049891,40.7497734209188],[-73.8075073797563,40.7501448579164],[-73.8141631089586,40.7461468504713],[-73.8153745624171,40.74722660767],[-73.8157520844618,40.7469877498661],[-73.8178216485385,40.7473936859057],[-73.8210856658005,40.7485667168207],[-73.8242663307333,40.7518411589941],[-73.8219196793204,40.7531813514621],[-73.8208506790653,40.7522498155288],[-73.8184092188127,40.7538386930776],[-73.8203020683046,40.7555232519897],[-73.8178938468778,40.7570946106428],[-73.8206373237619,40.7588805397568],[-73.811051019179,40.7614252943311],[-73.8003017751553,40.7597105719259],[-73.794933844624,40.7578063026686]]]}},{"type":"Feature","properties":{"name":"Queensboro Hill","borough":"Queens"},"geometry":{"type":"Polygon","coordinates":[[[-73.8141631089586,40.7461468504713],[-73.8136856559267,40.7453129369293],[-73.8143102367403,40.7429820425848],[-73.8082392818616,40.7420194276512],[-73.7994721012392,40.7422325581947],[-73.7969520356208,40.741941305067],[-73.7972322324333,40.7417037759945],[-73.7972580912206,40.7402213128671],[-73.7962943551389,40.7385605752077],[-73.7967263616014,40.7384249118602],[-73.7964131665691,40.7383335949177],[-73.7982232249344,40.7382305840255],[-73.8150585343636,40.7389951156241],[-73.8149734707851,40.7385689836964],[-73.8160781563696,40.7388662017368],[-73.8167809847634,40.7383880619253],[-73.8248563536097,40.7398376319619],[-73.8249757913884,40.7394486947076],[-73.8255621840046,40.7394626280061],[-73.8263392739166,40.7388366965983],[-73.8279659438752,40.7385114721172],[-73.8280929187572,40.7370914436598],[-73.8294689118527,40.7370327500734],[-73.8305369061108,40.7375284621455],[-73.8311359105442,40.738570174541],[-73.8309073585815,40.739141031577],[-73.8313400777899,40.7391788987407],[-73.8311568878344,40.742349186249],[-73.8358627136859,40.7432362535225],[-73.8359266999175,40.7435088390859],[-73.8354391668876,40.7455322428579],[-73.834115725161,40.7473655795116],[-73.8330872184437,40.7479973947495],[-73.8312561930629,40.7481146290608],[-73.8309803142101,40.7489365896943],[-73.8278683320292,40.7498195554705],[-73.8258458012767,40.7493566619657],[-73.8257669655503,40.7509772944367],[-73.8242663307333,40.7518411589941],[-73.8210856658005,40.7485667168207],[-73.8178216485385,40.7473936859057],[-73.8157520844618,40.7469877498661],[-73.8153745624171,40.74722660767],[-73.8141631089586,40.7461468504713]]]}},{"type":"Feature","properties":{"name":"Flushing-Willets Point","borough":"Queens"},"geometry":{"type":"Polygon","coordinates":[[[-73.8206373237619,40.7588805397568],[-73.8178938468778,40.7570946106428],[-73.8203020683046,40.7555232519897],[-73.8184092188127,40.7538386930776],[-73.8208506790653,40.7522498155288],[-73.8219196793204,40.7531813514621],[-73.8257669655503,40.7509772944367],[-73.8258458012767,40.7493566619657],[-73.8276578116483,40.749869100744],[-73.8309803142101,40.7489365896943],[-73.8312561930629,40.7481146290608],[-73.8330044141793,40.7478422591145],[-73.8322967519582,40.7519500612853],[-73.8355929340847,40.7513854026914],[-73.8379187242208,40.754549705761],[-73.8386199865444,40.7570531173175],[-73.8432452125096,40.7553450741971],[-73.8459677843737,40.7607082627901],[-73.8467107363962,40.7613535406213],[-73.8435950127036,40.7633788147799],[-73.8436892762267,40.7636209981194],[-73.8430710114216,40.7636008412061],[-73.8430438075297,40.7643295921172],[-73.842729593304,40.7646368211998],[-73.8405277534743,40.7653962616912],[-73.8393605199051,40.7654181443908],[-73.8387242835522,40.7669108378397],[-73.8372207794451,40.7687513426577],[-73.835217513823,40.7703848128498],[-73.8315944526037,40.7725682946824],[-73.831518320851,40.7716659238922],[-73.8305860191211,40.7716471492811],[-73.8305471205492,40.7702319569491],[-73.8295728452279,40.7707193860115],[-73.8265671825695,40.7706497507418],[-73.8265598135438,40.7701453575034],[-73.8246704826797,40.7704158818362],[-73.8234838444171,40.7646600653101],[-73.8206373237619,40.7588805397568]]]}},{"type":"Feature","properties":{"name":"Kew Gardens Hills","borough":"Queens"},"geometry":{"type":"Polygon","coordinates":[[[-73.8149734707851,40.7385689836964],[-73.8146930183528,40.735958261147],[-73.8152328359375,40.7288021792651],[-73.8147471800249,40.7282383361383],[-73.8106983232784,40.7261985972302],[-73.8106272238044,40.7244281086456],[-73.8078237026647,40.7159197304183],[-73.8173069060722,40.7157938439411],[-73.8201170458504,40.7165224576091],[-73.8193060832863,40.7171443453418],[-73.8195248270912,40.7173479970114],[-73.8253135954228,40.7173532764815],[-73.8255690470917,40.719729279397],[-73.8273103956007,40.7246543424674],[-73.8280528442796,40.7253331154013],[-73.8305810061644,40.7264046167389],[-73.8330722737293,40.7299272971868],[-73.8338640650932,40.7305614549084],[-73.8256667452119,40.732287844902],[-73.8248563536097,40.7398376319619],[-73.8169342258016,40.7383977794239],[-73.816332482098,40.7384546698332],[-73.8160781563696,40.7388662017368],[-73.8149734707851,40.7385689836964]]]}},{"type":"Feature","properties":{"name":"Pomonok-Electchester-Hillcrest","borough":"Queens"},"geometry":{"type":"Polygon","coordinates":[[[-73.8046688665665,40.7384533622753],[-73.8046563329736,40.738120691532],[-73.802731933449,40.738092341722],[-73.8029444534875,40.7348700494202],[-73.8038476439435,40.7349052086674],[-73.8040680451709,40.7316502549514],[-73.7986589955608,40.7314366345388],[-73.7985653119911,40.732865834854],[-73.7942790552176,40.7327044140128],[-73.7939784682518,40.732305120797],[-73.7937907674659,40.7307094489881],[-73.7915739096989,40.7253378782756],[-73.7904528726815,40.7235627983649],[-73.7903040533166,40.7208997309812],[-73.790709723766,40.719276917218],[-73.7927910803261,40.7190858468379],[-73.7980493056244,40.7174166621941],[-73.8019231941204,40.7165577837846],[-73.8078452601241,40.7160079980192],[-73.8106272238044,40.7244281086456],[-73.8106983232784,40.7261985972302],[-73.8147471800249,40.7282383361383],[-73.8152328359375,40.7288021792651],[-73.8146930183528,40.735958261147],[-73.8150585343636,40.7389951156241],[-73.8046688665665,40.7384533622753]]]}},{"type":"Feature","properties":{"name":"Fresh Meadows-Utopia","borough":"Queens"},"geometry":{"type":"Polygon","coordinates":[[[-73.777576444541,40.7302015435955],[-73.7917461064752,40.7257971168274],[-73.7937907674659,40.7307094489881],[-73.7942790552176,40.7327044140128],[-73.7985653119911,40.732865834854],[-73.7986589955608,40.7314366345388],[-73.8040680451709,40.7316502549514],[-73.8038476439435,40.7349052086674],[-73.8029444534875,40.7348700494202],[-73.802731933449,40.738092341722],[-73.8046563329736,40.738120691532],[-73.8046688665665,40.7384533622753],[-73.7964131665691,40.7383335949177],[-73.7804098626154,40.7426380702789],[-73.7757603017183,40.7433754979069],[-73.7722972286731,40.7351179656731],[-73.7701096797635,40.7317877767737],[-73.777576444541,40.7302015435955]]]}},{"type":"Feature","properties":{"name":"Jamaica Estates-Holliswood","borough":"Queens"},"geometry":{"type":"Polygon","coordinates":[[[-73.7773818644995,40.7224573298422],[-73.775486110387,40.7237288819665],[-73.7728692152951,40.7248762525363],[-73.7692421207506,40.7259109689947],[-73.7654498072509,40.726482948501],[-73.7598610155583,40.7258826555144],[-73.7568814817808,40.7262868730845],[-73.7554821052153,40.7251280748254],[-73.7549705627398,40.7241679146999],[-73.7595023106569,40.7210356393981],[-73.7644708880764,40.7188986589065],[-73.7673336531918,40.7172980624259],[-73.7735727258765,40.7151283603416],[-73.7865766644465,40.7119807571801],[-73.7892905168604,40.7120413875093],[-73.7930393793691,40.7107193388543],[-73.793027921619,40.7119896283206],[-73.7935870828809,40.7141369422558],[-73.7924055131278,40.7162013055011],[-73.7920151451296,40.7179759523256],[-73.7907338677001,40.7192170225068],[-73.7903040533166,40.7208997309812],[-73.7904528726815,40.7235627983649],[-73.7917461064752,40.7257971168274],[-73.777576444541,40.7302015435955],[-73.7752352462789,40.7252458007269],[-73.7770046544006,40.7237282757252],[-73.7780390341417,40.7232925351319],[-73.7773818644995,40.7224573298422]]]}},{"type":"Feature","properties":{"name":"Jamaica Hills-Briarwood","borough":"Queens"},"geometry":{"type":"Polygon","coordinates":[[[-73.7930393793691,40.7107193388543],[-73.7977694822677,40.7091514518024],[-73.7987028881089,40.7106716403378],[-73.8014155451962,40.7096951359611],[-73.8030255299586,40.7081479196726],[-73.8054837966693,40.710097118815],[-73.8080476923343,40.7093650902768],[-73.8069499470566,40.7073753627039],[-73.8120138702627,40.705953206642],[-73.811529953237,40.7022811360105],[-73.8164766991168,40.7024586884136],[-73.819529091875,40.7085873902606],[-73.8195391559179,40.7082876727986],[-73.8213153070207,40.7105564827204],[-73.8239515961462,40.7128716263561],[-73.8255800188126,40.7157708724662],[-73.8234060787455,40.7165582922195],[-73.8218806614673,40.7166554351814],[-73.8171055583227,40.7157850763488],[-73.8047442078489,40.7161772285964],[-73.7980493056244,40.7174166621941],[-73.7927910803261,40.7190858468379],[-73.790709723766,40.719276917218],[-73.7920151451296,40.7179759523256],[-73.7924055131278,40.7162013055011],[-73.7935870828809,40.7141369422558],[-73.793027921619,40.7119896283206],[-73.7930393793691,40.7107193388543]]]}},{"type":"Feature","properties":{"name":"Kew Gardens","borough":"Queens"},"geometry":{"type":"Polygon","coordinates":[[[-73.8164766991168,40.7024586884136],[-73.8168616908953,40.7024525928008],[-73.817334744976,40.7029660475787],[-73.8175451488076,40.7026656103176],[-73.8224602919507,40.7036637923059],[-73.8315224873436,40.7013978890611],[-73.8321334330761,40.7028023413099],[-73.8339184889679,40.7023556288397],[-73.8346038415776,40.7039357277783],[-73.836620214354,40.703428278355],[-73.8381377464416,40.7061902904709],[-73.8371484233624,40.7079653081205],[-73.8382856822275,40.7084176205322],[-73.8431476484848,40.7092317183153],[-73.8359784635534,40.7117142191062],[-73.8310972851344,40.7142888752822],[-73.8255800188126,40.7157708724662],[-73.8239515961462,40.7128716263561],[-73.8213153070207,40.7105564827204],[-73.8195391559179,40.7082876727986],[-73.819529091875,40.7085873902606],[-73.8164766991168,40.7024586884136]]]}},{"type":"Feature","properties":{"name":"Richmond Hill","borough":"Queens"},"geometry":{"type":"Polygon","coordinates":[[[-73.8164766991168,40.7024586884136],[-73.8137272434907,40.6971403552813],[-73.8208632857933,40.6953618190075],[-73.8210823522518,40.6957872571701],[-73.8449616753096,40.6891708824788],[-73.8494790315932,40.6982040674089],[-73.8450261242513,40.6993676369125],[-73.8415651745399,40.7011088590749],[-73.8369637712994,40.7042207134623],[-73.836620214354,40.703428278355],[-73.8346038415776,40.7039357277783],[-73.8339184889679,40.7023556288397],[-73.8321334330761,40.7028023413099],[-73.8315224873436,40.7013978890611],[-73.8224602919507,40.7036637923059],[-73.8175451488076,40.7026656103176],[-73.817334744976,40.7029660475787],[-73.8168616908953,40.7024525928008],[-73.8164766991168,40.7024586884136]]]}},{"type":"Feature","properties":{"name":"South Richmond Hill","borough":"Queens"},"geometry":{"type":"Polygon","coordinates":[[[-73.8107272590359,40.6919306814316],[-73.8250126777712,40.6879605762812],[-73.8259948624845,40.6899619204687],[-73.8285127562942,40.6892473142777],[-73.8275316030656,40.6872477403615],[-73.835952220111,40.68485180425],[-73.8381071928075,40.6884413646433],[-73.8363475706269,40.6889358882079],[-73.8375064542812,40.6913022375121],[-73.8210823522518,40.6957872571701],[-73.8208632857933,40.6953618190075],[-73.8141613754026,40.6971261715731],[-73.8137272434907,40.6971403552813],[-73.8107272590359,40.6919306814316]]]}},{"type":"Feature","properties":{"name":"Ozone Park (North)","borough":"Queens"},"geometry":{"type":"Polygon","coordinates":[[[-73.835952220111,40.68485180425],[-73.8380790823801,40.684247166371],[-73.8369762546951,40.6819962740295],[-73.838652049996,40.6814464932495],[-73.8401299532097,40.6811549065731],[-73.8411974490434,40.6833596237314],[-73.847869570757,40.6814950879096],[-73.8519800420428,40.6825724671411],[-73.8509922890905,40.6805766236619],[-73.853981544847,40.6796912906869],[-73.8581997586277,40.6794391045955],[-73.8587871677922,40.6806387193864],[-73.8633508354175,40.679359896221],[-73.8641023671419,40.6823811056886],[-73.8660213331452,40.6819278422682],[-73.8663040396387,40.6831949505845],[-73.8375064542812,40.6913022375121],[-73.8363475706269,40.6889358882079],[-73.8381071928075,40.6884413646433],[-73.835952220111,40.68485180425]]]}},{"type":"Feature","properties":{"name":"Woodhaven","borough":"Queens"},"geometry":{"type":"Polygon","coordinates":[[[-73.8491397691636,40.6982910002411],[-73.8494790315932,40.6982040674089],[-73.8449616753096,40.6891708824788],[-73.8663040396387,40.6831949505845],[-73.8686859464462,40.6940429494302],[-73.8684065921846,40.6947394439148],[-73.8527465147058,40.697569009541],[-73.8528340198331,40.6984160255171],[-73.8545677039075,40.7006023108935],[-73.8542429621091,40.7007525589293],[-73.8541025622695,40.7005220086321],[-73.8507098199157,40.7002113844656],[-73.8491397691636,40.6982910002411]]]}},{"type":"Feature","properties":{"name":"South Ozone Park","borough":"Queens"},"geometry":{"type":"Polygon","coordinates":[[[-73.8058580677559,40.6829155754191],[-73.8017943345463,40.6744022470896],[-73.8013190937896,40.6727924806778],[-73.8014184697483,40.6677863506525],[-73.8021500445045,40.6652582081569],[-73.8084515434743,40.6644695550818],[-73.8116899942793,40.6631411254555],[-73.8132698170495,40.6628211715297],[-73.8229623988026,40.6638683919445],[-73.8230534917355,40.6635621317692],[-73.8268749265487,40.6637123610219],[-73.8327067283149,40.6654140264422],[-73.8401299532097,40.6811549065731],[-73.8369762546951,40.6819962740295],[-73.8380790823801,40.684247166371],[-73.8275316030656,40.6872477403615],[-73.8285127562942,40.6892473142777],[-73.8259948624845,40.6899619204687],[-73.8250126777712,40.6879605762812],[-73.8107272590359,40.6919306814316],[-73.8058580677559,40.6829155754191]]]}},{"type":"Feature","properties":{"name":"Ozone Park","borough":"Queens"},"geometry":{"type":"Polygon","coordinates":[[[-73.8401299532097,40.6811549065731],[-73.8333495818169,40.6667814404196],[-73.8379073468464,40.6675196589727],[-73.8384549373835,40.6676702641166],[-73.8383449731889,40.6679972800443],[-73.8404692316658,40.66872676176],[-73.8401376289549,40.6682762784766],[-73.8424277333629,40.668788600545],[-73.8425818838779,40.6692887867152],[-73.8613200350631,40.6750295228658],[-73.8623472042856,40.6791730409736],[-73.8632843695327,40.6790876264559],[-73.8633508354175,40.679359896221],[-73.8587871677922,40.6806387193864],[-73.8581997586277,40.6794391045955],[-73.853981544847,40.6796912906869],[-73.8509922890905,40.6805766236619],[-73.8519800420428,40.6825724671411],[-73.847869570757,40.6814950879096],[-73.8411974490434,40.6833596237314],[-73.8401299532097,40.6811549065731]]]}},{"type":"Feature","properties":{"name":"Howard Beach-Lindenwood","borough":"Queens"},"geometry":{"type":"MultiPolygon","coordinates":[[[[-73.8604732995091,40.6546775404172],[-73.860990571144,40.655218017565],[-73.8602136168869,40.654848301989],[-73.8604732995091,40.6546775404172]]],[[[-73.8303286413004,40.6551410568341],[-73.8298905875702,40.6555310746995],[-73.8303286413004,40.6551410568341]]],[[[-73.8509659317668,40.6717277652394],[-73.8425818833168,40.6692887864167],[-73.8421594140247,40.6687097009303],[-73.8401376292209,40.6682762783283],[-73.8404692317984,40.6687267613323],[-73.8383449727518,40.6679972802831],[-73.8384549376714,40.667670264182],[-73.8379073473211,40.6675196586529],[-73.833349581668,40.6667814400409],[-73.8286008117049,40.6572052244151],[-73.8263938142056,40.6483325993819],[-73.8295983621845,40.6498359086719],[-73.8300117862011,40.6503366257004],[-73.8300090629102,40.6509117257382],[-73.8309379021081,40.6516343801168],[-73.831323139146,40.6527347830878],[-73.831289133907,40.6534870880623],[-73.8315846093838,40.6538220368809],[-73.82901556395,40.6561161356869],[-73.8296681646109,40.6556072914369],[-73.8304446700357,40.6555277234146],[-73.830603849069,40.6548151405495],[-73.8317095330004,40.6539394249763],[-73.8322183743856,40.6544686369921],[-73.8314946904695,40.6549880717715],[-73.8311623963248,40.6559274838792],[-73.8300344028493,40.6565754190072],[-73.8293774230032,40.6565145870561],[-73.8289691753419,40.657213499178],[-73.8291805857484,40.6578080304602],[-73.8301316764314,40.6584108943945],[-73.8296012577287,40.6586650574627],[-73.8301508900776,40.6598169373451],[-73.8296965896314,40.65866418106],[-73.830245658611,40.6583582211375],[-73.8290957371296,40.6573424704681],[-73.829504039584,40.656655683474],[-73.8300931145023,40.6567446087531],[-73.8312725146611,40.6560115224842],[-73.8318537739974,40.6548932890549],[-73.8321832495892,40.6549030032566],[-73.8329044849929,40.6574920233626],[-73.8319453351894,40.6561796788794],[-73.8326017532104,40.6578348428516],[-73.8311280336542,40.6583270391463],[-73.8333857851375,40.6580601112428],[-73.830800167766,40.6489848091363],[-73.8314886234831,40.6478955285076],[-73.8345363626727,40.648033380076],[-73.8356093944599,40.6484773233472],[-73.8384544590053,40.6593698710199],[-73.8386286343773,40.6610898953829],[-73.8389306431855,40.661278285595],[-73.8380769476438,40.6615962117552],[-73.8384403650494,40.6623520997424],[-73.8396973572634,40.662246556151],[-73.8396253498847,40.6620043812495],[-73.8399808919049,40.6619125264653],[-73.8368147367458,40.6492576649799],[-73.8373891778591,40.6491264003324],[-73.8467930145062,40.6478045792504],[-73.8483993037402,40.6545056771427],[-73.8532065566185,40.6538161361776],[-73.8543748581505,40.658613512525],[-73.8535482982039,40.6593243577504],[-73.8536181776228,40.6597421159386],[-73.8596715779326,40.6551961461635],[-73.8614027075865,40.6565759893984],[-73.8606180917918,40.6564729072352],[-73.8602097929359,40.657018624634],[-73.8600691763096,40.6567881119224],[-73.8598350337665,40.6569853140726],[-73.8600763967132,40.6570568614326],[-73.8595834071417,40.65833925487],[-73.860259877538,40.6586379628076],[-73.8602281936063,40.6589056843167],[-73.8609821733315,40.6583895539332],[-73.860491403936,40.659002394383],[-73.8606134721316,40.6593347857402],[-73.8613241633404,40.6585231830653],[-73.8609363928337,40.6580643179487],[-73.8597697945768,40.6582901869919],[-73.860577861113,40.6578428400807],[-73.860351705605,40.6572343180131],[-73.8608714337395,40.6569172261262],[-73.8616151105611,40.6570047611877],[-73.8617285436229,40.6580419044664],[-73.862699181099,40.6576265604755],[-73.8631722320998,40.6582847634355],[-73.8603063437287,40.6596429062721],[-73.8576167694995,40.6601271840501],[-73.858430905961,40.6634616134865],[-73.8556860089481,40.6638757447717],[-73.8576346292662,40.6716644474263],[-73.8603865972626,40.6712599641856],[-73.861320034748,40.675029522816],[-73.8509659317668,40.6717277652394]]]]}},{"type":"Feature","properties":{"name":"Auburndale","borough":"Queens"},"geometry":{"type":"Polygon","coordinates":[[[-73.7716394890504,40.7442052101112],[-73.7804098626154,40.7426380702789],[-73.7953578605587,40.7385455699025],[-73.7967263616014,40.7384249118602],[-73.7962943551389,40.7385605752077],[-73.797225113303,40.7401063037684],[-73.7972322324333,40.7417037759945],[-73.7952139599319,40.7435038385749],[-73.7944650660113,40.7449782923077],[-73.7947240317044,40.7476076008131],[-73.7972966301908,40.7494433237647],[-73.7947227950187,40.7506295909924],[-73.7945786522558,40.7535712831164],[-73.794933844624,40.7578063026686],[-73.7903165505517,40.7578317233496],[-73.7907614280041,40.7609940427896],[-73.7934412941097,40.7607724011895],[-73.7930268964022,40.764629466187],[-73.7939605289162,40.7647035939048],[-73.7931808280417,40.7704114528522],[-73.7956584046461,40.7730443627717],[-73.7936536868333,40.7733687143308],[-73.791636644204,40.7742469315176],[-73.7845947748867,40.7761495022427],[-73.7840103991474,40.7720122506224],[-73.7783828737053,40.7612343302143],[-73.7756464121365,40.7526372857511],[-73.7716394890504,40.7442052101112]]]}},{"type":"Feature","properties":{"name":"Bayside","borough":"Queens"},"geometry":{"type":"Polygon","coordinates":[[[-73.7676059217571,40.7783073117204],[-73.7670925106737,40.7768531184059],[-73.7651057432098,40.7738073149898],[-73.7589364936356,40.7683426044293],[-73.7586440161269,40.7673654457676],[-73.7578716779478,40.7669547031255],[-73.7573915795089,40.767174948598],[-73.7565020911766,40.7663527806263],[-73.7554744758661,40.7663738565672],[-73.7537717355037,40.765312907485],[-73.7556736399879,40.7646994244429],[-73.7591990765114,40.764335020623],[-73.7588656854791,40.7632828166844],[-73.7583643372883,40.7635056579859],[-73.7578499582889,40.7625750743596],[-73.758025149325,40.7621193000277],[-73.7584821219566,40.7620030118343],[-73.758002688268,40.7603881425352],[-73.7568219919233,40.7597430811333],[-73.7558385036374,40.757750336399],[-73.7551178537821,40.7584877729173],[-73.7532113414372,40.7582531476453],[-73.7523039632645,40.7594634742386],[-73.75115719782,40.7590780431186],[-73.7505784756482,40.7580231698381],[-73.7500490139104,40.7584129330698],[-73.7471125057357,40.7541815603092],[-73.7477425326321,40.7538582186125],[-73.7468093133633,40.7520366916398],[-73.7490263965311,40.7509882884038],[-73.7575897313056,40.7491630248201],[-73.761403003897,40.7475755814833],[-73.7686273724904,40.7455910172486],[-73.7716394890504,40.7442052101112],[-73.7756464121365,40.7526372857511],[-73.7783828737053,40.7612343302143],[-73.7840103991474,40.7720122506224],[-73.7845947748867,40.7761495022427],[-73.7758409605155,40.7786206504525],[-73.7755387003592,40.7770338750172],[-73.7686140547092,40.7791034887483],[-73.7681577849296,40.7781335472788],[-73.7676059217571,40.7783073117204]]]}},{"type":"Feature","properties":{"name":"Douglaston-Little Neck","borough":"Queens"},"geometry":{"type":"MultiPolygon","coordinates":[[[[-73.7446151279896,40.7789556546976],[-73.7442942660078,40.7787555404828],[-73.7448137246981,40.7785651759358],[-73.7450616806307,40.7791512212322],[-73.7446151279896,40.7789556546976]]],[[[-73.7467259402734,40.7803148048654],[-73.7455936122777,40.7795889576228],[-73.7468220248,40.7793825889411],[-73.7472461772115,40.7800846233347],[-73.7467259402734,40.7803148048654]]],[[[-73.7487324560325,40.7809647177255],[-73.748250480024,40.7807730575695],[-73.7473592807498,40.7793915862468],[-73.7477802990859,40.7791232752249],[-73.7471669521418,40.7788646115493],[-73.746795121353,40.7790431309142],[-73.7453493718552,40.7771617278198],[-73.7456890676398,40.7781612619182],[-73.7461116712811,40.7784633536635],[-73.7460113329166,40.7788848521719],[-73.7452920527779,40.7788725422515],[-73.7446186635015,40.7779275447145],[-73.7452412278581,40.7774107075115],[-73.7450186430005,40.7766060909306],[-73.7450764888177,40.7774603780191],[-73.7446665822214,40.7776917740901],[-73.7444323845855,40.7774644317885],[-73.7444172863895,40.7781315248726],[-73.7440857993166,40.7782637372177],[-73.7443358673331,40.7784396514753],[-73.7440422827347,40.7785983830376],[-73.7393773562446,40.7760219472308],[-73.7215346063376,40.7648314662208],[-73.7209772430584,40.7647684364757],[-73.7133267788453,40.7597384655125],[-73.7169878427334,40.759436328564],[-73.7201466022744,40.7579196347003],[-73.7211355678433,40.7569526972544],[-73.7229414544888,40.7541371889137],[-73.7273623978882,40.7508462606961],[-73.7290454846125,40.7472406615577],[-73.7309590404965,40.7448672761078],[-73.7337460759366,40.7428599045644],[-73.734874434851,40.7444695407189],[-73.7354313662049,40.7471689408197],[-73.7383060500407,40.7492551026574],[-73.7398551258614,40.7513068029508],[-73.7408749828454,40.7519766587006],[-73.7417255648278,40.753290360419],[-73.7412797429926,40.7545846601191],[-73.73929597898,40.755884522384],[-73.7392646207074,40.7569253239975],[-73.7412095716508,40.7562128917937],[-73.7425035049841,40.7585964239797],[-73.7431076244914,40.7585025394083],[-73.743467458903,40.7593465741424],[-73.744739631637,40.7607682504503],[-73.7459794730393,40.7639845610895],[-73.7493713242435,40.7629419189413],[-73.7502139015324,40.7637576577395],[-73.746876585295,40.764526905254],[-73.7494098338991,40.7675602553],[-73.7533898997909,40.7653422219511],[-73.7550734802663,40.7675413829979],[-73.754860529294,40.768412529328],[-73.7543952536378,40.7687617385175],[-73.7547152883219,40.7688034194671],[-73.7547073088922,40.769749799457],[-73.7555363589355,40.7709938026966],[-73.7555746978087,40.7715374029467],[-73.7543821189812,40.7720495488921],[-73.7533682915727,40.7732161239558],[-73.754242871112,40.775275107794],[-73.7551871256655,40.7765063493137],[-73.7548146007303,40.7776273104857],[-73.7555187483075,40.7777123257931],[-73.7547097443963,40.7777260898622],[-73.752999764561,40.7812977685374],[-73.7518411342552,40.7823465583048],[-73.7506222765865,40.7826114007359],[-73.7487324560325,40.7809647177255]]]]}},{"type":"Feature","properties":{"name":"Oakland Gardens-Hollis Hills","borough":"Queens"},"geometry":{"type":"Polygon","coordinates":[[[-73.7402921805647,40.7385249413588],[-73.7430628807514,40.7354874164545],[-73.7506742681079,40.7291912698629],[-73.7537493348199,40.7274342334536],[-73.756784096638,40.7263140526128],[-73.762264619742,40.7296129453157],[-73.7655522318848,40.7325525526102],[-73.7637011637931,40.7328723863138],[-73.7651115554465,40.7345660081263],[-73.7627344057244,40.7352704324727],[-73.762487463827,40.7367392520493],[-73.7655698701,40.7432664262958],[-73.7668799084322,40.7441018505931],[-73.7677641563335,40.74585180522],[-73.761403003897,40.7475755814833],[-73.7572313088263,40.7492729150293],[-73.7490263965311,40.7509882884038],[-73.7468093133633,40.7520366916398],[-73.7457089543244,40.7515937898661],[-73.7438234217554,40.7474364681484],[-73.7462612100073,40.7467197484318],[-73.7447772370592,40.7432893695362],[-73.7456775771972,40.7430355707039],[-73.7485600357628,40.7433487867118],[-73.7534743689985,40.7424131162279],[-73.7509836687826,40.7400297334874],[-73.7499694105572,40.7397540241103],[-73.7439633009091,40.7407973979896],[-73.7436041679054,40.7390208801835],[-73.7430695733649,40.7384490890367],[-73.7401961487301,40.7390392116614],[-73.7402921805647,40.7385249413588]]]}},{"type":"Feature","properties":{"name":"Jamaica","borough":"Queens"},"geometry":{"type":"Polygon","coordinates":[[[-73.7684468360681,40.7096452912326],[-73.7743098097931,40.7074019318887],[-73.7754939562958,40.7062629355159],[-73.7755935606314,40.7053375717025],[-73.775075995725,40.7052482467817],[-73.7723090582444,40.7005797704862],[-73.773957967396,40.6998140435433],[-73.7803462861999,40.705420679539],[-73.7827991305749,40.7053694004425],[-73.7911570750039,40.7023023376443],[-73.7923930817118,40.7021747914288],[-73.7918705432571,40.7013743988244],[-73.79260644593,40.700440361905],[-73.7935784663699,40.699764732958],[-73.797863314753,40.6980016650447],[-73.8064261764334,40.6908821174858],[-73.8089035518471,40.6925726082721],[-73.8107272590359,40.6919306814316],[-73.8164766991168,40.7024586884136],[-73.811529953237,40.7022811360105],[-73.8120138702627,40.705953206642],[-73.8069499470566,40.7073753627039],[-73.8080476923343,40.7093650902768],[-73.8054837966693,40.710097118815],[-73.8030255299586,40.7081479196726],[-73.8014155451962,40.7096951359611],[-73.7987028881089,40.7106716403378],[-73.7977694822677,40.7091514518024],[-73.7892905168604,40.7120413875093],[-73.7865766644465,40.7119807571801],[-73.77712484368,40.7142702587637],[-73.7753755861228,40.711685770497],[-73.7745018764693,40.7119540452754],[-73.7731450961897,40.7099294563366],[-73.7717258194391,40.7103250829489],[-73.7684468360681,40.7096452912326]]]}},{"type":"Feature","properties":{"name":"South Jamaica","borough":"Queens"},"geometry":{"type":"Polygon","coordinates":[[[-73.773957967396,40.6998140435433],[-73.7827721731429,40.6960034025237],[-73.7778947462423,40.6899259499073],[-73.7797743237896,40.6892894296724],[-73.7807829293805,40.6910382029431],[-73.7858051839022,40.6890044798498],[-73.7903860602392,40.687761872817],[-73.7939097951015,40.6863129495054],[-73.7956162468767,40.6886651502762],[-73.7999518085032,40.6868359784593],[-73.7989834712632,40.684866996478],[-73.8058580677559,40.6829155754191],[-73.8107272590359,40.6919306814316],[-73.8089035518471,40.6925726082721],[-73.8064261764334,40.6908821174858],[-73.797863314753,40.6980016650447],[-73.7935784663699,40.699764732958],[-73.79260644593,40.700440361905],[-73.7918705432571,40.7013743988244],[-73.7923930817118,40.7021747914288],[-73.7911570750039,40.7023023376443],[-73.7825672014522,40.7054331266244],[-73.7803462861999,40.705420679539],[-73.773957967396,40.6998140435433]]]}},{"type":"Feature","properties":{"name":"Baisley Park","borough":"Queens"},"geometry":{"type":"Polygon","coordinates":[[[-73.7778947462423,40.6899259499073],[-73.7757061721072,40.687620641562],[-73.7697422836885,40.6837945353138],[-73.7701446178468,40.6831193558636],[-73.7723234838158,40.6814992266795],[-73.7772306088492,40.6796609798365],[-73.780259967386,40.6778491818119],[-73.783975214997,40.675125865961],[-73.785748375801,40.6723876857549],[-73.7880878485666,40.6730178827021],[-73.7894113699322,40.666849413633],[-73.79711206759,40.6669579239189],[-73.7991978739234,40.6665257813789],[-73.8016361196065,40.6667658088651],[-73.8012454211066,40.6698512639303],[-73.8014914136669,40.6735531033055],[-73.8058580677559,40.6829155754191],[-73.7989834712632,40.684866996478],[-73.7999518085032,40.6868359784593],[-73.7956162468767,40.6886651502762],[-73.7939097951015,40.6863129495054],[-73.7903860602392,40.687761872817],[-73.7858051839022,40.6890044798498],[-73.7807829293805,40.6910382029431],[-73.7797743237896,40.6892894296724],[-73.7778947462423,40.6899259499073]]]}},{"type":"Feature","properties":{"name":"Springfield Gardens (North)-Rochdale Village","borough":"Queens"},"geometry":{"type":"Polygon","coordinates":[[[-73.7603160060129,40.6751182294597],[-73.7584989811159,40.6726567021518],[-73.7563637580553,40.6724374943006],[-73.7564387082368,40.6696746353872],[-73.757632661469,40.6664594125788],[-73.7734259981308,40.6680358758271],[-73.7894113699322,40.666849413633],[-73.7880878485666,40.6730178827021],[-73.785748375801,40.6723876857549],[-73.783975214997,40.675125865961],[-73.7809526358331,40.6773617648249],[-73.7772306088492,40.6796609798365],[-73.7723234838158,40.6814992266795],[-73.7701446178468,40.6831193558636],[-73.7697422836885,40.6837945353138],[-73.7616148697737,40.6797362005967],[-73.763250576084,40.6767980615615],[-73.7636781435032,40.6747537836202],[-73.7624873718268,40.6742032390906],[-73.7603160060129,40.6751182294597]]]}},{"type":"Feature","properties":{"name":"St. Albans","borough":"Queens"},"geometry":{"type":"Polygon","coordinates":[[[-73.7504719471664,40.7056481949486],[-73.7461829424581,40.6961301881765],[-73.7450761635012,40.6963992116969],[-73.7435942227882,40.6962235876116],[-73.7446809183512,40.6934205261906],[-73.7500184070795,40.6858995790609],[-73.7522596508798,40.6814996705847],[-73.7548504617883,40.6779370967097],[-73.7557630575276,40.67589416731],[-73.7564902234121,40.6760310199787],[-73.7569201828525,40.6765371288505],[-73.7624873718268,40.6742032390906],[-73.7636781435032,40.6747537836202],[-73.763250576084,40.6767980615615],[-73.7616148697737,40.6797362005967],[-73.7697422836885,40.6837945353138],[-73.7757061721072,40.687620641562],[-73.7772592142014,40.6890801804023],[-73.7827721731429,40.6960034025237],[-73.7723090582444,40.7005797704862],[-73.775075995725,40.7052482467817],[-73.7755935606314,40.7053375717025],[-73.7754939562958,40.7062629355159],[-73.7743098097931,40.7074019318887],[-73.7684468360681,40.7096452912326],[-73.7673456898056,40.7066446100193],[-73.7623013322351,40.7079576822148],[-73.7617615388267,40.7066140702335],[-73.7621317834106,40.7055093559074],[-73.7609568340426,40.7029178409519],[-73.7504719471664,40.7056481949486]]]}},{"type":"Feature","properties":{"name":"Hollis","borough":"Queens"},"geometry":{"type":"Polygon","coordinates":[[[-73.7504719471664,40.7056481949486],[-73.7609568340426,40.7029178409519],[-73.7621317834106,40.7055093559074],[-73.7617615388267,40.7066140702335],[-73.7623013322351,40.7079576822148],[-73.7673456898056,40.7066446100193],[-73.7682610620168,40.7095346324383],[-73.7717258194391,40.7103250829489],[-73.7731450961897,40.7099294563366],[-73.7745018764693,40.7119540452754],[-73.7753755861228,40.711685770497],[-73.77712484368,40.7142702587637],[-73.7735727258765,40.7151283603416],[-73.7673336531918,40.7172980624259],[-73.7644708880764,40.7188986589065],[-73.7594427994303,40.7210717103828],[-73.7537097132846,40.7133329025517],[-73.7504719471664,40.7056481949486]]]}},{"type":"Feature","properties":{"name":"Glen Oaks-Floral Park-New Hyde Park","borough":"Queens"},"geometry":{"type":"Polygon","coordinates":[[[-73.7133267783432,40.759738465382],[-73.7016348109712,40.7525016044888],[-73.7000104146106,40.7393316854335],[-73.7014720819212,40.7375198328293],[-73.7076635255649,40.7278392042603],[-73.7105013074398,40.7272353569484],[-73.7107535266206,40.7305336452323],[-73.7114794025492,40.7325096719104],[-73.7154508244796,40.7392250762887],[-73.7201023734851,40.749783602929],[-73.7225870783072,40.7488587250669],[-73.7233973224014,40.7503973495561],[-73.7262734933107,40.7493147640802],[-73.7276816870717,40.7496475189126],[-73.7282919205798,40.7474669378826],[-73.7286507733706,40.7480761532656],[-73.7273623980431,40.7508462605348],[-73.7229414541955,40.754137189205],[-73.7211355681895,40.7569526974718],[-73.7201466018584,40.7579196351106],[-73.7169878429673,40.7594363288391],[-73.7133267783432,40.759738465382]]]}},{"type":"Feature","properties":{"name":"Bellerose","borough":"Queens"},"geometry":{"type":"Polygon","coordinates":[[[-73.7105013074398,40.7272353569484],[-73.7169342366218,40.7263946847032],[-73.7256733280867,40.7240459273766],[-73.7281636986639,40.7230924088984],[-73.7283655129293,40.7236226205887],[-73.7299091705924,40.7232812809501],[-73.7314735119834,40.7274200641187],[-73.7455572795831,40.7306457429724],[-73.7464929881952,40.7314228586586],[-73.7467388684059,40.7325914900566],[-73.7430628807514,40.7354874164545],[-73.7390083255562,40.7398642513392],[-73.7325343382771,40.7437742857642],[-73.7323268295367,40.7436536846006],[-73.7309590402876,40.7448672765203],[-73.7286507733706,40.7480761532656],[-73.7282919205798,40.7474669378826],[-73.7276816870717,40.7496475189126],[-73.7262734933107,40.7493147640802],[-73.7233973224014,40.7503973495561],[-73.7225870783072,40.7488587250669],[-73.7201023734851,40.749783602929],[-73.7154508244796,40.7392250762887],[-73.7114794025492,40.7325096719104],[-73.7107535266206,40.7305336452323],[-73.7105013074398,40.7272353569484]]]}},{"type":"Feature","properties":{"name":"Queens Village","borough":"Queens"},"geometry":{"type":"Polygon","coordinates":[[[-73.7299091705924,40.7232812809501],[-73.7283655129293,40.7236226205887],[-73.7281636986639,40.7230924088984],[-73.7303276497729,40.7221655646384],[-73.7291776553591,40.7191754818702],[-73.726972825501,40.7107227697569],[-73.7267789531454,40.7030675566336],[-73.7342659138177,40.7032278073837],[-73.7343053967861,40.7024863960522],[-73.7407781208943,40.7026881015334],[-73.7405047268765,40.7034418212789],[-73.7414894147658,40.7034398764299],[-73.7459100738704,40.7022955370783],[-73.7450025540907,40.7002704760983],[-73.7477314854722,40.6995613996475],[-73.7537097132846,40.7133329025517],[-73.7594427994303,40.7210717103828],[-73.7549705627398,40.7241679146999],[-73.7554821052153,40.7251280748254],[-73.7568814817808,40.7262868730845],[-73.7518868224863,40.7284258678912],[-73.7467388684059,40.7325914900566],[-73.7464929881952,40.7314228586586],[-73.7455572795831,40.7306457429724],[-73.7314735119834,40.7274200641187],[-73.7299091705924,40.7232812809501]]]}},{"type":"Feature","properties":{"name":"Cambria Heights","borough":"Queens"},"geometry":{"type":"Polygon","coordinates":[[[-73.7362507723573,40.7025452425633],[-73.7343053967861,40.7024863960522],[-73.7342659138177,40.7032278073837],[-73.7267789531454,40.7030675566336],[-73.7258639981549,40.6832493413188],[-73.7474692521239,40.6893304420523],[-73.7446809183512,40.6934205261906],[-73.7435942227882,40.6962235876116],[-73.7450761635012,40.6963992116969],[-73.7461829424581,40.6961301881765],[-73.7477314854722,40.6995613996475],[-73.7450025540907,40.7002704760983],[-73.7459100738704,40.7022955370783],[-73.7410943019688,40.7034893264968],[-73.7405047268765,40.7034418212789],[-73.7407781208943,40.7026881015334],[-73.7362507723573,40.7025452425633]]]}},{"type":"Feature","properties":{"name":"Laurelton","borough":"Queens"},"geometry":{"type":"Polygon","coordinates":[[[-73.7339616124366,40.6856468230848],[-73.7271840810556,40.6836055904123],[-73.7285179250283,40.6812187324401],[-73.7351269524736,40.6739466788087],[-73.7359230753102,40.6726594415348],[-73.7355243240557,40.6725653300906],[-73.7367786382053,40.6707733820817],[-73.7371856028916,40.6709180708041],[-73.7411795329975,40.666411210906],[-73.757632661469,40.6664594125788],[-73.7564387082368,40.6696746353872],[-73.7563637580553,40.6724374943006],[-73.7584989811159,40.6726567021518],[-73.7603160060129,40.6751182294597],[-73.7569201828525,40.6765371288505],[-73.7564902234121,40.6760310199787],[-73.7557630575276,40.67589416731],[-73.7548504617883,40.6779370967097],[-73.7522596508798,40.6814996705847],[-73.7500184070795,40.6858995790609],[-73.7409542750487,40.6832994760671],[-73.7404652411601,40.6842020987667],[-73.7395037353321,40.6839049430481],[-73.7396485877569,40.6836067118883],[-73.7358128511453,40.6824607060677],[-73.7342387075537,40.6853510403787],[-73.7339556014114,40.6852706096928],[-73.7345283188995,40.6857822651077],[-73.7339616124366,40.6856468230848]]]}},{"type":"Feature","properties":{"name":"Springfield Gardens (South)-Brookville","borough":"Queens"},"geometry":{"type":"Polygon","coordinates":[[[-73.757632661469,40.6664594125788],[-73.7384930651849,40.6664236627609],[-73.7400188807979,40.6647562100745],[-73.7424441577817,40.6608767841516],[-73.7449574617168,40.6581780759951],[-73.7448755631795,40.6561528125614],[-73.7432885005737,40.6561429865284],[-73.7433268287149,40.6525460587465],[-73.746551332912,40.6525720090644],[-73.7464352058078,40.6514980370546],[-73.745874645223,40.6504445057139],[-73.7461549399254,40.650479766174],[-73.7464419792242,40.6480618061043],[-73.746083024338,40.6455786459305],[-73.7461664905064,40.6448705321497],[-73.7471180233861,40.6443800977886],[-73.7485731496591,40.6455585370883],[-73.7697628214102,40.6574904899828],[-73.7738310175286,40.6596594128473],[-73.7793307033681,40.6618477751598],[-73.7791951476669,40.6616986141198],[-73.7834174808099,40.6630907309011],[-73.7875131542043,40.6638334985611],[-73.7964163041406,40.6650291848631],[-73.8021500445045,40.6652582081569],[-73.8016361196065,40.6667658088651],[-73.7991978739234,40.6665257813789],[-73.79711206759,40.6669579239189],[-73.7894113699322,40.666849413633],[-73.7734259981308,40.6680358758271],[-73.757632661469,40.6664594125788]]]}},{"type":"Feature","properties":{"name":"Rosedale","borough":"Queens"},"geometry":{"type":"Polygon","coordinates":[[[-73.7258639981549,40.6832493413188],[-73.7256314078975,40.6795962104446],[-73.7262957279483,40.6770663719455],[-73.7275575198957,40.6741698467207],[-73.728242668296,40.6680323553042],[-73.7278188652519,40.6631250403351],[-73.7283320748947,40.6630522000503],[-73.7255690530185,40.6567333977532],[-73.7255039459442,40.6555247705115],[-73.7249860627682,40.6542616896119],[-73.7252274351111,40.6520092544033],[-73.730515928205,40.650318565746],[-73.7351363713615,40.6497402944353],[-73.739046179556,40.648209433375],[-73.7414384194632,40.6468974310116],[-73.7416627721168,40.6422063139431],[-73.7420522085507,40.6414824561306],[-73.7414241516936,40.6405116421887],[-73.742275231273,40.6401316327832],[-73.7412603599491,40.638905751065],[-73.7394725741183,40.6357146828925],[-73.7399609336751,40.6351520613141],[-73.7417717423224,40.6348892824383],[-73.7424747997023,40.63512538618],[-73.7424220126072,40.6357578170631],[-73.7412509509782,40.6369479520153],[-73.7411193008893,40.6374764006456],[-73.7409662359496,40.6373130258546],[-73.741305084141,40.637907063848],[-73.7418917624893,40.6381304639908],[-73.7427310227407,40.6382784074374],[-73.7439726450458,40.6378882634483],[-73.7435236223798,40.6388977379248],[-73.7437355751201,40.6390303692327],[-73.7447969417845,40.6370832797228],[-73.7447141154038,40.6373152975893],[-73.746464991077,40.6365033487088],[-73.7467983830697,40.6368100147847],[-73.7465912302485,40.6371215145152],[-73.7451602282245,40.6380856635857],[-73.745297754633,40.6383383904167],[-73.7456745206858,40.6381329082505],[-73.7455119430979,40.637952131826],[-73.7470397274504,40.6369343093743],[-73.7461721549623,40.6404060371541],[-73.7467514959364,40.642311012491],[-73.7479025868647,40.6438623424506],[-73.7487525737428,40.6444793558142],[-73.7487823953791,40.6451271330869],[-73.7494591872633,40.6449418164686],[-73.752050387956,40.6466601897556],[-73.7515752036713,40.6472675541187],[-73.7483196874242,40.6454073082104],[-73.7471180233861,40.6443800977886],[-73.7461664905064,40.6448705321497],[-73.7464419792242,40.6480618061043],[-73.7461549399254,40.650479766174],[-73.745874645223,40.6504445057139],[-73.7464352058078,40.6514980370546],[-73.746551332912,40.6525720090644],[-73.7433268287149,40.6525460587465],[-73.7432885005737,40.6561429865284],[-73.7448755631795,40.6561528125614],[-73.7450121633178,40.6580299087824],[-73.7424441577817,40.6608767841516],[-73.7400188807979,40.6647562100745],[-73.7384930651849,40.6664236627609],[-73.7411795329975,40.666411210906],[-73.7371856028916,40.6709180708041],[-73.7367786382053,40.6707733820817],[-73.7355243240557,40.6725653300906],[-73.7359230753102,40.6726594415348],[-73.7351269524736,40.6739466788087],[-73.7285179250283,40.6812187324401],[-73.7271840810556,40.6836055904123],[-73.7258639981549,40.6832493413188]]]}},{"type":"Feature","properties":{"name":"Far Rockaway-Bayswater","borough":"Queens"},"geometry":{"type":"Polygon","coordinates":[[[-73.769646055224,40.5907769534196],[-73.7702327795196,40.5939831453944],[-73.7727020498226,40.5931315467226],[-73.7728096355689,40.5940821572477],[-73.7736759853729,40.5939013567811],[-73.7738838878219,40.5957776494627],[-73.770662937896,40.5960102405544],[-73.771098028341,40.5983093858604],[-73.7694597311486,40.5982643805152],[-73.7681563228023,40.5978281281509],[-73.767938056012,40.5981309932576],[-73.7703377137124,40.5989924656027],[-73.7709016360811,40.5988512180067],[-73.7711594392139,40.5994014847295],[-73.7708405418233,40.6018191589061],[-73.7701872491243,40.6027570663421],[-73.7705715027451,40.6048278388533],[-73.770005448333,40.6053630346237],[-73.7698281188148,40.6078503037648],[-73.7689384868498,40.6092035280241],[-73.7697688222109,40.6100724331421],[-73.7712925847294,40.6104257704501],[-73.7722157481063,40.6115059092516],[-73.7734052587016,40.6110986933253],[-73.772970326379,40.6101652164939],[-73.7737690455694,40.6112644670417],[-73.7739396456834,40.6121283964839],[-73.7741731698673,40.6118369594368],[-73.7734039933691,40.6136774418031],[-73.7669163334333,40.6142992519021],[-73.7653021633308,40.6138310764527],[-73.7650186105965,40.61349960101],[-73.7650609820875,40.6120434756317],[-73.7623008052775,40.6113674505273],[-73.7617255021033,40.6118554883601],[-73.7602377212483,40.6108291098998],[-73.7617837936784,40.6091599151247],[-73.7615518830516,40.6090396103528],[-73.7599858333516,40.6108876223139],[-73.7594925617735,40.6108240408852],[-73.7597071507873,40.6101572902269],[-73.7591980926615,40.6103786310084],[-73.7558722744482,40.6103150421463],[-73.755608209413,40.6100856101906],[-73.7558754913769,40.6103934300697],[-73.7549874176884,40.6101431503658],[-73.748217217847,40.6120193231875],[-73.7479944321393,40.6123184036324],[-73.747615547679,40.6120062565002],[-73.7472170377779,40.612187085322],[-73.7468567483605,40.6115823461205],[-73.7457628595783,40.6119999009295],[-73.7431103024248,40.6077242419354],[-73.7433986733071,40.6074804159406],[-73.7384053007654,40.603129379473],[-73.738357531587,40.5976087214105],[-73.7387210367277,40.5969570607946],[-73.7385860233119,40.5972614376458],[-73.7387869497511,40.5969840520185],[-73.7393917851943,40.5972478942996],[-73.739928828438,40.5970631927927],[-73.7401209827949,40.5967460310845],[-73.7398001135113,40.5964368466151],[-73.7400984989844,40.596216890064],[-73.7403928948002,40.59619043843],[-73.740361483969,40.5967832389173],[-73.7406451990289,40.5970094415661],[-73.7418320862324,40.5966988854911],[-73.7405188636617,40.596578896668],[-73.7405483701205,40.5961279284572],[-73.7399292861448,40.5960698300625],[-73.7394650592254,40.596886663018],[-73.7398844157364,40.5967792170784],[-73.7397485964922,40.5965508481878],[-73.7397976965929,40.5968909180406],[-73.7393994644326,40.5970545686176],[-73.7389482629653,40.5967714088455],[-73.7383849592156,40.5971256515726],[-73.7384136661426,40.5959317477212],[-73.7379911733942,40.5945642857635],[-73.7384887954494,40.5943605059535],[-73.7406296770805,40.5947298947334],[-73.7409030624767,40.5944964911565],[-73.7422273879327,40.5949141257665],[-73.7466564729895,40.5943039375736],[-73.7491266066461,40.5932246091414],[-73.7516950547383,40.5913204922306],[-73.753449162099,40.5909723711912],[-73.7559559973507,40.5908824387209],[-73.761344479676,40.5917348755079],[-73.7679710950239,40.5907377231909],[-73.769646055224,40.5907769534196]]]}},{"type":"Feature","properties":{"name":"Rockaway Beach-Arverne-Edgemere","borough":"Queens"},"geometry":{"type":"Polygon","coordinates":[[[-73.7863161054476,40.6031307539028],[-73.7880729226845,40.6008627110169],[-73.7903008002938,40.5992733600808],[-73.7912420831065,40.5967955911538],[-73.7906521730075,40.5947909426938],[-73.7904218543083,40.5947609361153],[-73.7908076337863,40.5961016370657],[-73.790595802095,40.5961166259299],[-73.7903803354936,40.5947602066062],[-73.7901509837387,40.5948278191117],[-73.7904261874929,40.5960621726445],[-73.7901796724652,40.5960795613225],[-73.790132566658,40.5948311156218],[-73.7898678776424,40.5947237845731],[-73.7896749018601,40.5948517654293],[-73.7900004662966,40.5962171845652],[-73.789700095464,40.5962362811421],[-73.7896752690305,40.5948687166927],[-73.7891739317546,40.5952005584062],[-73.7891639902133,40.5960855405481],[-73.7882395594963,40.5961180778861],[-73.7883744251353,40.5975138794759],[-73.7820928646655,40.5978642605233],[-73.7819537753683,40.5964647331857],[-73.779802712133,40.5966192114897],[-73.7796720717209,40.5973804085872],[-73.7774231155974,40.5988206465408],[-73.7760030055886,40.6014025672161],[-73.7749734400983,40.6017527297705],[-73.7747312971773,40.6007234997831],[-73.7741169054041,40.5998751795048],[-73.7742247517876,40.599013460657],[-73.7737456955694,40.5986783965182],[-73.7737162281403,40.5982430784616],[-73.7730023791913,40.5978878361212],[-73.7710980285961,40.5983093860656],[-73.7706629382084,40.5960102408423],[-73.7738838878286,40.5957776492957],[-73.7736759851184,40.5939013572149],[-73.772809636073,40.5940821572749],[-73.7727020499939,40.5931315464504],[-73.7702327798521,40.5939831449882],[-73.7696460561151,40.5907769533864],[-73.7758382530113,40.5903328392764],[-73.7804317294696,40.5896048609701],[-73.7887854397401,40.5874585279298],[-73.7894160790617,40.5876363866757],[-73.7920089970127,40.5872257039955],[-73.8079932051507,40.5840126478019],[-73.8135258660961,40.5834813871468],[-73.8213430308774,40.5812703640712],[-73.8240444883574,40.5856380951084],[-73.8246576161118,40.5854608796407],[-73.8249024017572,40.5859620990908],[-73.8252502094754,40.5869091078137],[-73.8248147221932,40.5871595597783],[-73.8229382691049,40.5874998881787],[-73.8214611014279,40.5867781627535],[-73.8174172423273,40.5889252526472],[-73.8176393854942,40.5892940382477],[-73.8167433557444,40.5893274090238],[-73.815249703867,40.5899972944871],[-73.8147020538727,40.5906188287388],[-73.8136335936047,40.5908018714901],[-73.8132580948792,40.5910545418111],[-73.8135899459003,40.5917059253404],[-73.8132361242466,40.5910789796794],[-73.8121449789971,40.5913669405555],[-73.8115144097097,40.591791729448],[-73.8114956149404,40.5929095655767],[-73.8113360152732,40.591752862694],[-73.8108192974414,40.5920985082706],[-73.8109515681727,40.5925112988811],[-73.8113873107164,40.5924505576777],[-73.8114088915833,40.5928794961293],[-73.8110742493598,40.5930305705603],[-73.811374691374,40.5927112939369],[-73.8107511279786,40.5928003536214],[-73.8113748512868,40.5926927388782],[-73.8113596721454,40.5924708236552],[-73.8109410379926,40.592555087605],[-73.8108067574068,40.5921003355029],[-73.8099006764997,40.5922791937287],[-73.8100405848349,40.5930861488933],[-73.8097327621632,40.5924124258951],[-73.8098088761877,40.5927186494246],[-73.8097112026664,40.5924478474762],[-73.8094880354874,40.5927742756071],[-73.8096181718907,40.5935839670581],[-73.8060294518092,40.5920175487563],[-73.805780405364,40.590767739138],[-73.8058252751853,40.5918975646268],[-73.8043047120606,40.5913271183104],[-73.8041670673805,40.5918629494943],[-73.8078274893693,40.5933781746406],[-73.8079789489532,40.5941661081799],[-73.8071139167756,40.5952923159019],[-73.8060428751419,40.5955627959408],[-73.804854361512,40.595064575586],[-73.8041159763513,40.5943274101579],[-73.8038103989949,40.59289940413],[-73.8024398393816,40.5926483038863],[-73.8025110270489,40.593956368142],[-73.8031821986643,40.5939536185643],[-73.8025144188259,40.5939750922891],[-73.8025697523977,40.5942805068529],[-73.8032893159143,40.5942903561738],[-73.8023465150518,40.5945042152042],[-73.8031871207938,40.5946712429348],[-73.8034415466618,40.5944424497133],[-73.8031981299294,40.5946864401413],[-73.8037259191064,40.5948253518922],[-73.8032014830846,40.594881087197],[-73.8032163191321,40.5951538879774],[-73.8039097988855,40.5950130533849],[-73.8033159143911,40.5951878011588],[-73.8036860632526,40.5952060312478],[-73.8051132317817,40.5971592893881],[-73.8029808102768,40.5988525457376],[-73.8016723027065,40.5989045507587],[-73.8009163823403,40.5993990024894],[-73.8007779235886,40.5991706010763],[-73.7991399084996,40.599381611924],[-73.7984321605474,40.599181955613],[-73.7942110573031,40.5994925832216],[-73.7915102307476,40.6003880907613],[-73.7878571203485,40.6031215866954],[-73.7863161054476,40.6031307539028]]]}},{"type":"Feature","properties":{"name":"Breezy Point-Belle Harbor-Rockaway Park-Broad Channel","borough":"Queens"},"geometry":{"type":"MultiPolygon","coordinates":[[[[-73.8834667482295,40.5684862524346],[-73.8831323480816,40.5683888585316],[-73.88275820177,40.5675780939803],[-73.9033316358168,40.5618548471313],[-73.9080743713451,40.5608019535154],[-73.9100964302234,40.5607805933242],[-73.9098908666328,40.5566812994067],[-73.9131666903273,40.5563514429777],[-73.9209877251316,40.5562833231379],[-73.9220675364354,40.555157485227],[-73.9291001959111,40.5531016724643],[-73.9311879235194,40.5570240603761],[-73.9316733330337,40.556857544792],[-73.9322234559814,40.5576845700414],[-73.926158647153,40.5615608396193],[-73.9242160267875,40.5620095482386],[-73.9210796413283,40.5620880826818],[-73.9203695146768,40.5622270624248],[-73.9202610440806,40.5626205224148],[-73.9203326138561,40.5622342842695],[-73.9176622307283,40.5628343801609],[-73.9145547796763,40.5643616628547],[-73.9118846063747,40.5649986361793],[-73.9121632284983,40.5658444829148],[-73.9117375626397,40.5658808845724],[-73.9118595000869,40.5650036688671],[-73.9107995858132,40.5651192274264],[-73.9100390375031,40.564801941872],[-73.9097182586149,40.5652956565374],[-73.9100244855115,40.5647884405968],[-73.9097639920436,40.5642930676891],[-73.9087268595172,40.5639395230539],[-73.9079205679658,40.56415667083],[-73.9079871674934,40.5634506713227],[-73.9066486488575,40.562794144318],[-73.9046959616588,40.5628354156715],[-73.9028728401279,40.563523094433],[-73.9025245405306,40.5629558137681],[-73.9017098033677,40.5627487278923],[-73.9000053264642,40.5632239231674],[-73.8961340284649,40.5653666592657],[-73.8953386548373,40.5663403315967],[-73.8956731482579,40.5670398753119],[-73.8951884534776,40.5669218326062],[-73.8926115385553,40.568595479566],[-73.8891124330657,40.5679244683464],[-73.8843111321541,40.5687043514921],[-73.8848884712378,40.5684784375247],[-73.8843001620613,40.5684450340186],[-73.8847382984829,40.5682767447452],[-73.8844611545264,40.5679010685919],[-73.8837924380626,40.5681321434844],[-73.884024802052,40.5685113475304],[-73.8835781070799,40.568218001428],[-73.8834799012581,40.5684813462041],[-73.8839056796117,40.568914436758],[-73.8834667482295,40.5684862524346]]],[[[-73.8246743597554,40.5855030686957],[-73.8240444883574,40.5856380951084],[-73.8213430308774,40.5812703640712],[-73.833870616984,40.57765813316],[-73.837786299289,40.5759319190295],[-73.8572046994165,40.5691087334836],[-73.8625542544272,40.5668182451312],[-73.862870315324,40.566838804575],[-73.8640694162628,40.5693062127666],[-73.8645431552158,40.5692511558803],[-73.8666849937713,40.5729965633835],[-73.863348794705,40.5740294664062],[-73.8639678137321,40.575035021141],[-73.8627520093001,40.5758662190907],[-73.862884412539,40.5760679958673],[-73.8530568875762,40.5812635034949],[-73.850445242564,40.5821384799271],[-73.8486119256485,40.5821963781032],[-73.8452070530461,40.5815880930506],[-73.8393552464487,40.5818654996219],[-73.83855445187,40.582799951107],[-73.83584218744,40.5828871762965],[-73.8285260970289,40.5848624564022],[-73.8280379203186,40.5860611240399],[-73.8252502094754,40.5869091078137],[-73.8246743597554,40.5855030686957]]],[[[-73.8201748626439,40.6151888632566],[-73.8174994924865,40.6142223758436],[-73.8165281941838,40.6149552530762],[-73.8162350478706,40.6142392903841],[-73.8144417048245,40.6147572828625],[-73.8140820060177,40.6145666534506],[-73.8146840071239,40.6139834012196],[-73.8148586030495,40.6143074701767],[-73.8154966466972,40.6140480602533],[-73.8147970137019,40.6132022731773],[-73.8150377655501,40.612984457728],[-73.8154708634857,40.6133511732914],[-73.8161576476071,40.6129503594183],[-73.8154050427848,40.6103930455117],[-73.8145039966417,40.6110667165008],[-73.8152085879709,40.6098249767624],[-73.8147721189575,40.6088592722071],[-73.8148667783803,40.6080288419813],[-73.8157431208252,40.6064734876728],[-73.8154620447032,40.6064363800051],[-73.8155295471385,40.6061713128977],[-73.815526746466,40.6064156223339],[-73.8159610009285,40.6062707253969],[-73.8158896776208,40.6059372768468],[-73.8164266807517,40.605232366375],[-73.8173933019739,40.6051663660054],[-73.8172550857587,40.6039485667296],[-73.8177217078384,40.6022332419354],[-73.8183125919251,40.6013479536599],[-73.8184920410798,40.5993978005247],[-73.8192828026699,40.5975378525793],[-73.8203854456073,40.5965770023846],[-73.8206740422561,40.5952039467057],[-73.8212017352643,40.594720534271],[-73.8241364518756,40.5946412970247],[-73.8254793185368,40.5950888977575],[-73.8332188274324,40.5942258266728],[-73.8342538599074,40.5946681597784],[-73.8348483865021,40.5955512406604],[-73.834397385623,40.5964722396376],[-73.8323950300059,40.5978115934842],[-73.8315424449803,40.5979592674898],[-73.8306299057913,40.5974416664298],[-73.8294848022451,40.5981421821495],[-73.8290991586723,40.5977716964179],[-73.8280629802366,40.597688642571],[-73.8259812426094,40.5994803073296],[-73.8255692905033,40.5985563887331],[-73.8246555892011,40.5981574878961],[-73.8239600941221,40.5988851370744],[-73.8245240953175,40.5989595040295],[-73.8247722729363,40.5984000852374],[-73.8245276320183,40.5991372675312],[-73.8240792965596,40.5989174449135],[-73.8237675065459,40.6000483112221],[-73.8219458000219,40.599809397513],[-73.8214706813673,40.6000019642753],[-73.824437821699,40.6003532253727],[-73.8244535636048,40.6008052036075],[-73.8235411047634,40.601567689372],[-73.8236172701542,40.6022947336614],[-73.822946229562,40.6025911512556],[-73.8229042129564,40.6046955110717],[-73.8224688505529,40.605533225314],[-73.8229060157654,40.6058595192333],[-73.8212660853212,40.6070110928449],[-73.8200338172345,40.608931899626],[-73.8196193364876,40.6104872842621],[-73.8204354180957,40.6120750302013],[-73.8208797998273,40.612265589859],[-73.8212855927967,40.6111051714264],[-73.8204883879883,40.6102326223722],[-73.8208601669996,40.6092393018558],[-73.8216159828268,40.6084885618063],[-73.821863434885,40.6098774555451],[-73.8228937168684,40.610345265716],[-73.8240055121485,40.6116400122783],[-73.8241046549824,40.6123343404389],[-73.8214173993138,40.6150630080001],[-73.8201748626439,40.6151888632566]]]]}},{"type":"Feature","properties":{"name":"St. George-New Brighton","borough":"Staten Island"},"geometry":{"type":"Polygon","coordinates":[[[-74.0725828040203,40.637950114478],[-74.0768414431197,40.6377584988166],[-74.0787897776459,40.638276797816],[-74.0837354401645,40.6357453836216],[-74.0858802971358,40.636699829178],[-74.0869073973605,40.6358654826079],[-74.0887072922356,40.6368534458862],[-74.0897052526799,40.6356907398256],[-74.0924404114142,40.6356046229682],[-74.0933908943825,40.6366077933845],[-74.0940945964869,40.639275152619],[-74.0976743797213,40.6389689178733],[-74.0978811637415,40.6403662949662],[-74.0999055702043,40.640171193473],[-74.1003931402934,40.6431266055807],[-74.0995708626484,40.6431635215755],[-74.0997174767798,40.6447671109292],[-74.1009042061452,40.6447814751541],[-74.1007290297934,40.6450215318741],[-74.09880214296,40.6450552741671],[-74.0985012896213,40.6453786023873],[-74.0960470260562,40.6453809874598],[-74.0929897541752,40.6459810209948],[-74.085709013928,40.6488887944392],[-74.0822141981408,40.6482884033639],[-74.0798114325161,40.6483915541664],[-74.0765080386158,40.6469770597029],[-74.0744542919503,40.6450757284341],[-74.0735925452274,40.6450071687758],[-74.073858002992,40.6454330564041],[-74.0733396045705,40.6457913565552],[-74.0736915841493,40.6453139648443],[-74.0732400040273,40.6449721046481],[-74.073026670933,40.6451394785962],[-74.0730570640092,40.6448161585555],[-74.0734273734572,40.645008808249],[-74.0731233077024,40.6447230401625],[-74.0725892212398,40.6447991039009],[-74.0726997537055,40.6444495141221],[-74.0716597630163,40.6450419872425],[-74.0723106560664,40.6445859937473],[-74.0720198976284,40.6444201736137],[-74.0722933683929,40.644274288455],[-74.0718622741416,40.6442100024073],[-74.0720022670069,40.6437893735193],[-74.0711325223484,40.6432135041455],[-74.0715040967274,40.6431375446322],[-74.0716503872624,40.642688171523],[-74.0721858151373,40.6427223341255],[-74.0721109898535,40.64247145708],[-74.0703307019959,40.642534368997],[-74.073239757588,40.6421929767779],[-74.0731454709006,40.6418612136065],[-74.0702480517829,40.6422152151018],[-74.070195460359,40.6420157430704],[-74.0730883638631,40.6416450545578],[-74.0728915216594,40.6409309123309],[-74.0700199554947,40.6412863728686],[-74.0699850111822,40.6410771832051],[-74.0728518774926,40.640811927878],[-74.0730918212761,40.6386272391842],[-74.0723899947441,40.6382535054464],[-74.0725828040203,40.637950114478]]]}},{"type":"Feature","properties":{"name":"Tompkinsville-Stapleton-Clifton-Fox Hills","borough":"Staten Island"},"geometry":{"type":"Polygon","coordinates":[[[-74.0725828040203,40.637950114478],[-74.0735359415049,40.6376499619232],[-74.0733748943377,40.6366189647336],[-74.0720963031262,40.6366555172735],[-74.0733596859045,40.6365443337478],[-74.072909004805,40.63364260671],[-74.0733296783315,40.6320666811926],[-74.0729862110756,40.630317217355],[-74.0680231987117,40.6287958229319],[-74.0681316557718,40.6285472837854],[-74.0729132436154,40.630004617219],[-74.0722966673662,40.6271466642808],[-74.0756476014028,40.6266719556185],[-74.0742347151915,40.6242293158419],[-74.0711671501788,40.6207070233415],[-74.0714075459012,40.619439614741],[-74.0745482324651,40.6169511648095],[-74.0748795205155,40.6174296108265],[-74.0783191224735,40.6155697055766],[-74.0811047907192,40.6177969811671],[-74.0872112960897,40.6133152080407],[-74.0878529446814,40.6152513080749],[-74.0861786132138,40.6180940901965],[-74.084963586546,40.6246334693685],[-74.0836238356449,40.6269308149559],[-74.082617684417,40.6274429382404],[-74.0808451811537,40.627387728065],[-74.079726387923,40.6289589262672],[-74.0817328209093,40.6300204634369],[-74.0814076214955,40.6303094741423],[-74.084914684951,40.6336481622845],[-74.0857507579327,40.6339637958647],[-74.0844379431701,40.6354134865191],[-74.0789129824514,40.6382486226403],[-74.0768414431197,40.6377584988166],[-74.0725828040203,40.637950114478]]]}},{"type":"Feature","properties":{"name":"Rosebank-Shore Acres-Park Hill","borough":"Staten Island"},"geometry":{"type":"Polygon","coordinates":[[[-74.0567732747834,40.6079077741273],[-74.0651723727244,40.6042217423699],[-74.0639800452615,40.6021521909838],[-74.0736094495168,40.6055131901154],[-74.0758005052679,40.6059422610115],[-74.0837123773601,40.6064494921273],[-74.0905585814509,40.6090093844123],[-74.0895895844413,40.6098563202231],[-74.0872112960897,40.6133152080407],[-74.0811047907192,40.6177969811671],[-74.0783191224735,40.6155697055766],[-74.0748795205155,40.6174296108265],[-74.0745482324651,40.6169511648095],[-74.0718343936833,40.618908987138],[-74.071237446282,40.6197995517359],[-74.0711671501788,40.6207070233415],[-74.0742347151915,40.6242293158419],[-74.0756476014028,40.6266719556185],[-74.0728820522275,40.6269372656805],[-74.0722564739313,40.6246169869714],[-74.0700288140867,40.6214623005895],[-74.0664948151493,40.6189058374535],[-74.0659621147608,40.6193672515613],[-74.0664113516893,40.6188727029192],[-74.0662005416295,40.618730717123],[-74.0654473225642,40.6192108647468],[-74.0666835420249,40.6180757316272],[-74.0664170485909,40.6178807338257],[-74.0660513773603,40.6182036460887],[-74.064963354432,40.6177806342564],[-74.0642586789423,40.6181799233798],[-74.0651005457278,40.6175191917604],[-74.064438081467,40.6170706501726],[-74.0639103830086,40.6173370612929],[-74.0643289199583,40.6169967390841],[-74.0637700646339,40.6168133614463],[-74.0614410748692,40.6143862563502],[-74.0603382677133,40.6119101144175],[-74.0598559029373,40.6121111928624],[-74.0600006575144,40.6127921340012],[-74.0597707670033,40.61206488189],[-74.0602737078675,40.6118278746257],[-74.0594369807451,40.6116676960011],[-74.0589027934959,40.611010521563],[-74.0590873024036,40.6106419112471],[-74.0571652973783,40.6087510177974],[-74.0567732747834,40.6079077741273]]]}},{"type":"Feature","properties":{"name":"West New Brighton-Silver Lake-Grymes Hill","borough":"Staten Island"},"geometry":{"type":"Polygon","coordinates":[[[-74.1047236913662,40.6455718978197],[-74.1046534613069,40.6453078363336],[-74.1077992572712,40.6452344015257],[-74.1071605368443,40.6442117204367],[-74.1065480023121,40.6442495363793],[-74.1054243407415,40.6389072060324],[-74.0978811637415,40.6403662949662],[-74.0976743797213,40.6389689178733],[-74.0940945964869,40.639275152619],[-74.0933908943825,40.6366077933845],[-74.0924404114142,40.6356046229682],[-74.0897052526799,40.6356907398256],[-74.0887072922356,40.6368534458862],[-74.0869073973605,40.6358654826079],[-74.0858802971358,40.636699829178],[-74.0837354401645,40.6357453836216],[-74.0844379431701,40.6354134865191],[-74.0857507579327,40.6339637958647],[-74.084914684951,40.6336481622845],[-74.0814076214955,40.6303094741423],[-74.0817328209093,40.6300204634369],[-74.079726387923,40.6289589262672],[-74.0808451811537,40.627387728065],[-74.0829895559449,40.6273583097827],[-74.0841556654977,40.6262753521166],[-74.084963586546,40.6246334693685],[-74.0862054401612,40.6180088035489],[-74.0878529088414,40.6152514706054],[-74.0872112960897,40.6133152080407],[-74.0895895844413,40.6098563202231],[-74.0905585814509,40.6090093844123],[-74.0943364751589,40.6103362453549],[-74.0976615587751,40.6105159812442],[-74.0998788092386,40.6129268865397],[-74.102095815789,40.6146087244676],[-74.1057191465296,40.6187634393082],[-74.1109454038791,40.6212027237479],[-74.1132639723144,40.6230626605757],[-74.1182202870582,40.6251059588349],[-74.1230354140265,40.6290194518729],[-74.1248931603909,40.6317362269299],[-74.1168376739616,40.632683055133],[-74.1172009500916,40.6345763352836],[-74.1202398462614,40.6343087968435],[-74.1206311097065,40.6365809879165],[-74.1175505015548,40.6369618709486],[-74.1180685836627,40.6413061575767],[-74.1209343511983,40.6409169470891],[-74.1196086473536,40.64138854776],[-74.1199584794555,40.6422176924871],[-74.1194277934035,40.6414317626046],[-74.1190986853136,40.6414817044621],[-74.1194017758546,40.6423876176437],[-74.1190049623499,40.641472852953],[-74.1186178325897,40.6415386034984],[-74.118837726528,40.6425501027205],[-74.1184033309938,40.6415380390197],[-74.1179187661928,40.6418341155048],[-74.1174992794962,40.6415914905631],[-74.1167233562903,40.642039994731],[-74.1172261806989,40.6430355992773],[-74.1166675561013,40.6421150054876],[-74.1163014803551,40.6422109042877],[-74.1166718935321,40.6431980637563],[-74.1161435651746,40.6422246928421],[-74.1153523010688,40.6424787789269],[-74.1137981396715,40.6436177548548],[-74.1139524195776,40.6441448308201],[-74.1128895436856,40.6445406833949],[-74.1138585720815,40.6440842513061],[-74.1136551884394,40.6436957949909],[-74.1133317105938,40.6437317356668],[-74.1111627727504,40.6451046621101],[-74.1117679440681,40.6447143991765],[-74.1088663763131,40.6455873684108],[-74.1047236913662,40.6455718978197]]]}},{"type":"Feature","properties":{"name":"Westerleigh-Castleton Corners","borough":"Staten Island"},"geometry":{"type":"Polygon","coordinates":[[[-74.1212582586377,40.6278309865296],[-74.1201303587308,40.6265443889617],[-74.1179641042741,40.6249483681922],[-74.1132639723144,40.6230626605757],[-74.1109454038791,40.6212027237479],[-74.1057191465296,40.6187634393082],[-74.102095815789,40.6146087244676],[-74.0998788092386,40.6129268865397],[-74.0976615587751,40.6105159812442],[-74.1089874282957,40.6101331875859],[-74.1134247756687,40.611017637726],[-74.1156418032584,40.6111043369247],[-74.1213372965702,40.6096747307446],[-74.1213873657171,40.6099175425653],[-74.1287604749754,40.6085040260391],[-74.1435464784867,40.6076893845165],[-74.1463904609434,40.6080377043369],[-74.1486955340186,40.6088361833924],[-74.1536857641506,40.6123579136431],[-74.152087542888,40.6173292205882],[-74.1476476476737,40.6221262097549],[-74.1461136264635,40.6249416682107],[-74.1370043940947,40.6243552452034],[-74.1358115666281,40.6250725742227],[-74.1380599798671,40.6270767528412],[-74.1380654227242,40.6275767071879],[-74.1367438621879,40.6286707720329],[-74.1358625684308,40.6280697646048],[-74.1340884657474,40.6295499167892],[-74.1334387964196,40.6290825822597],[-74.1310760854587,40.6311559662086],[-74.1304757719304,40.6308937462082],[-74.1301428979698,40.629973444325],[-74.1313113358858,40.6263365791919],[-74.1221637348906,40.6274851282536],[-74.1212582586377,40.6278309865296]]]}},{"type":"Feature","properties":{"name":"Port Richmond","borough":"Staten Island"},"geometry":{"type":"Polygon","coordinates":[[[-74.1207146558763,40.6410540209949],[-74.1209343511983,40.6409169470891],[-74.1180685836627,40.6413061575767],[-74.1175505015548,40.6369618709486],[-74.1206311097065,40.6365809879165],[-74.1202398462614,40.6343087968435],[-74.1172009500916,40.6345763352836],[-74.1168376739616,40.632683055133],[-74.1248931603909,40.6317362269299],[-74.1230354140265,40.6290194518729],[-74.1212582586377,40.6278309865296],[-74.1221637348906,40.6274851282536],[-74.1313113358858,40.6263365791919],[-74.1301428979698,40.629973444325],[-74.1304757719304,40.6308937462082],[-74.1310760854587,40.6311559662086],[-74.1334387964196,40.6290825822597],[-74.1340884657474,40.6295499167892],[-74.1358625684308,40.6280697646048],[-74.1367438621879,40.6286707720329],[-74.1380654227242,40.6275767071879],[-74.1380599798671,40.6270767528412],[-74.1358115666281,40.6250725742227],[-74.1370043940947,40.6243552452034],[-74.1461136264635,40.6249416682107],[-74.1454408859485,40.6278948330022],[-74.1459372304985,40.6278343142896],[-74.1462235149112,40.6291151922474],[-74.1475276783743,40.6293975233696],[-74.1447837774548,40.6379620176476],[-74.1436014700774,40.6385223626873],[-74.1431295117249,40.639688610372],[-74.1423894392082,40.6396494480919],[-74.142299157535,40.6403140439866],[-74.1415577172176,40.6403750067532],[-74.1414819614855,40.6401004311753],[-74.1407640237055,40.6405976344165],[-74.1375772346433,40.6410093900694],[-74.1373715037104,40.6413037012522],[-74.1343541810168,40.6418950348881],[-74.1329932087526,40.6414251746059],[-74.1324043204181,40.6417126270028],[-74.131257296076,40.6416050688015],[-74.1314634819702,40.6413183420492],[-74.1303265194055,40.6407867097142],[-74.1301247328928,40.6410247878578],[-74.1301851840107,40.6407320644897],[-74.1294920600689,40.6413630737507],[-74.1299788864392,40.6407381107681],[-74.1293086154433,40.6403456495727],[-74.1289344955568,40.6404221668726],[-74.1289087738325,40.6412030656276],[-74.128813501881,40.6402352158614],[-74.1275282554022,40.6401635426025],[-74.1271492284599,40.6393192945839],[-74.1270551048999,40.6402499755586],[-74.1260713111554,40.6402627106442],[-74.126369569584,40.6413406186447],[-74.1256417511736,40.6414267307852],[-74.1261342481271,40.641272626181],[-74.1259969067327,40.6402394805836],[-74.1255798180637,40.6401555663967],[-74.1241572663641,40.6401429546407],[-74.1228577870934,40.6408287470298],[-74.1226051174627,40.6406053125513],[-74.122827135662,40.6413021137899],[-74.1218756431824,40.6415865535825],[-74.1211739438026,40.641677382974],[-74.1212822290168,40.6414407343436],[-74.121078755069,40.6416156579815],[-74.1211818761151,40.6413916837299],[-74.1207146558763,40.6410540209949]]]}},{"type":"Feature","properties":{"name":"Mariner's Harbor-Arlington-Graniteville","borough":"Staten Island"},"geometry":{"type":"MultiPolygon","coordinates":[[[[-74.1594575172176,40.6414565689256],[-74.1611139189724,40.6418436909232],[-74.1615355257216,40.6441645200767],[-74.1580989931529,40.6437658045585],[-74.1575592816559,40.6432481025266],[-74.1585889177412,40.6424686208929],[-74.1588124303564,40.6417668722106],[-74.1594575172176,40.6414565689256]]],[[[-74.1798971831139,40.6452770332042],[-74.1797313779836,40.644388939268],[-74.1793326721893,40.6444087481955],[-74.1792527336297,40.6450501142903],[-74.179076165847,40.6446547440674],[-74.1790370585781,40.6434030233714],[-74.1794063277595,40.6431372032273],[-74.1795886368955,40.6419259196162],[-74.1791887804884,40.6429957753103],[-74.1782581202765,40.6421374634505],[-74.1783427695488,40.642597713316],[-74.1778138754636,40.6426080814602],[-74.1772126842627,40.6431310149695],[-74.176359364769,40.6423354573165],[-74.1766887364054,40.6425603753552],[-74.1766694540814,40.6433950818802],[-74.175604008019,40.6433195347026],[-74.175686206003,40.6447185220398],[-74.1752984134641,40.6450833138343],[-74.1743672275144,40.6451444952127],[-74.172942736522,40.6442127601966],[-74.1730030434416,40.6435936420851],[-74.1723631505872,40.6432645047136],[-74.1727229502092,40.642956736208],[-74.1719648027188,40.6428663696841],[-74.1715096081464,40.6431426788799],[-74.1713373702699,40.6428640013239],[-74.1718619232139,40.6425311652708],[-74.171480285927,40.6417107460247],[-74.1715887162703,40.6410378298837],[-74.1729894854543,40.6404973415513],[-74.171571444376,40.6410197687042],[-74.1710516700468,40.6426020564983],[-74.1711941054362,40.6417478632208],[-74.1702878508904,40.6417835447449],[-74.170080282793,40.6420943972265],[-74.1691544518585,40.6418810968265],[-74.1690658127245,40.6421382536486],[-74.1665352532819,40.6414308748187],[-74.1661013940719,40.6424148243771],[-74.1663203678373,40.6414449115466],[-74.1658026034286,40.6412327483594],[-74.1654445963557,40.6422887834539],[-74.1649428859434,40.642217236539],[-74.1651919129363,40.6406505422246],[-74.1647357598953,40.6403997038151],[-74.1645728189921,40.6414268984692],[-74.1645980604446,40.6403239817384],[-74.1641703624278,40.6400023464711],[-74.1638639882834,40.6410610343127],[-74.1639464087463,40.639922842068],[-74.1634559517141,40.6398647966436],[-74.163247273672,40.6409656557725],[-74.1616768412175,40.64061902198],[-74.1622861461085,40.6387738882584],[-74.1618200594113,40.6386545156521],[-74.1614506725471,40.6394365730637],[-74.1616616010397,40.6386732298218],[-74.1612416522674,40.6386032465767],[-74.160906401021,40.6393943775353],[-74.1610831112901,40.6385760047099],[-74.1603496929099,40.6384519619195],[-74.159865598329,40.6399360603232],[-74.1602261575011,40.6383472982419],[-74.1598584710301,40.638737438132],[-74.1592286088606,40.6378043562648],[-74.1590110712941,40.6388308146448],[-74.1589344850495,40.6382722539232],[-74.1578941216508,40.6379732880087],[-74.1577350186271,40.6388872715405],[-74.1577751522518,40.6379653952539],[-74.1561042569216,40.6379478273931],[-74.1561163746416,40.6375389837053],[-74.1548308167402,40.6377320914871],[-74.1546941300193,40.6392022045793],[-74.1545981933929,40.6373515807291],[-74.1527985262337,40.637140991609],[-74.152698495962,40.6376500778677],[-74.1522195591209,40.6377008178306],[-74.1522993519692,40.638282524807],[-74.1520478831709,40.6376754521802],[-74.1511969408129,40.6377390253187],[-74.1512497701199,40.6394175794986],[-74.151131140818,40.6385089170354],[-74.1505578781973,40.6385675670996],[-74.1494488194201,40.6374136356377],[-74.1494203066542,40.6382998773471],[-74.1488832456211,40.6387134444521],[-74.1485596394985,40.6374460737489],[-74.1487794102248,40.6388844876608],[-74.1451942837147,40.6393867347054],[-74.1438631239671,40.6388961997936],[-74.1431295119589,40.6396886102006],[-74.1436014695121,40.6385223625771],[-74.1447837771545,40.6379620172126],[-74.1475276782768,40.6293975233444],[-74.1462235144068,40.6291151920841],[-74.1459372305474,40.6278343142521],[-74.1454408864826,40.6278948332747],[-74.1463874248499,40.6242092228515],[-74.1481626057036,40.6214800160909],[-74.1519914466101,40.6174862551993],[-74.1536857640747,40.6123579132676],[-74.1589821870304,40.6163757567257],[-74.1631314864361,40.6188552147973],[-74.1681245457635,40.6210562634804],[-74.1726615002894,40.6217672000307],[-74.1746625091327,40.6225172578513],[-74.1792964713623,40.6263752296585],[-74.1818005747301,40.6278536705477],[-74.1860710996854,40.6299627151848],[-74.1865782647879,40.6301773530078],[-74.1867616947924,40.6299815933529],[-74.1898805538567,40.6313657638267],[-74.196205100012,40.6346942847116],[-74.1953085478224,40.6352421304301],[-74.1944963124231,40.6364577575689],[-74.1946246054204,40.6373994190575],[-74.1935846811442,40.6374773522987],[-74.1865264707099,40.6433968988911],[-74.1862336001455,40.6431956335717],[-74.1848374471212,40.6441365038773],[-74.1841146923641,40.6435383211005],[-74.1843719688242,40.6431078131731],[-74.183652171401,40.6422478774314],[-74.1840276132131,40.6431086448184],[-74.1832436234763,40.6429719136204],[-74.1836689600977,40.6446187216589],[-74.1811858429681,40.6445943960899],[-74.1808736251105,40.6448596666173],[-74.1804832395471,40.6442871610159],[-74.1800422790352,40.6442963774552],[-74.1798971831139,40.6452770332042]]]]}},{"type":"Feature","properties":{"name":"Grasmere-Arrochar-South Beach-Dongan Hills","borough":"Staten Island"},"geometry":{"type":"Polygon","coordinates":[[[-74.0639800452615,40.6021521909838],[-74.0619576383485,40.601244689001],[-74.0610855992439,40.5998246261481],[-74.0637607930275,40.5989430915554],[-74.0596426644352,40.593717620214],[-74.0605549951155,40.5933879864777],[-74.0621542035006,40.5920332717764],[-74.0650347834746,40.5889992278999],[-74.0643614968663,40.5882761210909],[-74.0647797901314,40.588496541173],[-74.0672242286457,40.5867426787719],[-74.070964563279,40.5831902190877],[-74.0714932667788,40.5821770111199],[-74.0706592766452,40.5816338534276],[-74.0714681702203,40.5820354718364],[-74.0717778459506,40.5818847625588],[-74.0749955932447,40.5792447851846],[-74.0733217868924,40.5784655606822],[-74.0735041008754,40.5782048676768],[-74.0750843444595,40.5791683865057],[-74.0757996581178,40.5783174782084],[-74.0753476883654,40.5778961975652],[-74.0884974318957,40.5847966525466],[-74.0891229466215,40.5841507894309],[-74.0926174366546,40.5859480391367],[-74.0984414781525,40.5812499333471],[-74.1052592264586,40.5859296647608],[-74.1008839865356,40.5901874451554],[-74.1009272335867,40.5923589785143],[-74.100095849381,40.593668731476],[-74.0970589964931,40.5954551763332],[-74.0937560064385,40.5967531208583],[-74.0927245199965,40.5974724943561],[-74.0917840420622,40.5987274703189],[-74.0919733167774,40.5998324955379],[-74.0929018331874,40.6013671042041],[-74.0924429214541,40.6041278184964],[-74.0927205617729,40.6063703566777],[-74.092400597671,40.6070805233294],[-74.0905585814509,40.6090093844123],[-74.0837123773601,40.6064494921273],[-74.0758005052679,40.6059422610115],[-74.0736094495168,40.6055131901154],[-74.0639800452615,40.6021521909838]]]}},{"type":"Feature","properties":{"name":"New Dorp-Midland Beach","borough":"Staten Island"},"geometry":{"type":"Polygon","coordinates":[[[-74.076017432556,40.5782531403303],[-74.076883727737,40.5776450162939],[-74.0767389391219,40.5773807366662],[-74.0773761883771,40.5772903857036],[-74.0792646762286,40.5756795191235],[-74.0786808028264,40.5750900520457],[-74.0793378690628,40.5756354309234],[-74.0801801383431,40.5751886450486],[-74.084692224178,40.5714861403461],[-74.0876988412789,40.5730701106529],[-74.0881350186596,40.5728359462749],[-74.0927720488738,40.5679516361987],[-74.1047112617952,40.5740141657736],[-74.1060449978283,40.5720724048942],[-74.106377242074,40.5722325958736],[-74.1087416515224,40.569924719604],[-74.0940721780493,40.5627398439864],[-74.0954251860344,40.5631628594588],[-74.0962934903232,40.5624290544888],[-74.0981991413777,40.5598447004478],[-74.0982917769947,40.5593408376976],[-74.0978496284804,40.5590418920866],[-74.0987656230632,40.5594317741883],[-74.0993817834106,40.5589724162887],[-74.1000969607547,40.5589616685236],[-74.1137630854298,40.5665054140138],[-74.1163648375797,40.5639238612922],[-74.1249005200293,40.5689573669435],[-74.1231364052489,40.5701150160422],[-74.1214468326508,40.5717838393534],[-74.1213619230547,40.5728349686215],[-74.1218548123106,40.5746614071229],[-74.1215387662048,40.5751614779116],[-74.1191110244025,40.5761654783471],[-74.1170155806299,40.5782169135421],[-74.1156180411237,40.5785010588404],[-74.1130710181098,40.5807767496538],[-74.1092498284312,40.5826866402793],[-74.1052592264586,40.5859296647608],[-74.0984414781525,40.5812499333471],[-74.0926174366546,40.5859480391367],[-74.0891229466215,40.5841507894309],[-74.0884974318957,40.5847966525466],[-74.076017432556,40.5782531403303]]]}},{"type":"Feature","properties":{"name":"Todt Hill-Emerson Hill-Lighthouse Hill-Manor Heights","borough":"Staten Island"},"geometry":{"type":"Polygon","coordinates":[[[-74.0976615587751,40.6105159812442],[-74.0943364751589,40.6103362453549],[-74.0905585814509,40.6090093844123],[-74.092400597671,40.6070805233294],[-74.0927205617729,40.6063703566777],[-74.0924429214541,40.6041278184964],[-74.0929018331874,40.6013671042041],[-74.0919733167774,40.5998324955379],[-74.0917840420622,40.5987274703189],[-74.0927245199965,40.5974724943561],[-74.0937560064385,40.5967531208583],[-74.0970589964931,40.5954551763332],[-74.100095849381,40.593668731476],[-74.1008992073592,40.5924609526007],[-74.1008839865356,40.5901874451554],[-74.1014962937303,40.5893524898297],[-74.1092498284312,40.5826866402793],[-74.1130710181098,40.5807767496538],[-74.1156180411237,40.5785010588404],[-74.1170155806299,40.5782169135421],[-74.1191110244025,40.5761654783471],[-74.1215387662048,40.5751614779116],[-74.1220974970532,40.5751408126853],[-74.1231852836677,40.5757600787855],[-74.1253542347613,40.575909268366],[-74.1270689485686,40.576413444556],[-74.127736413952,40.575214849679],[-74.1327858416373,40.573487318842],[-74.1441873653921,40.5720456344325],[-74.1438760188819,40.5706148183469],[-74.1443889335064,40.5697143246296],[-74.1479029070222,40.570897804676],[-74.1546659637997,40.5655216654611],[-74.1558523911302,40.5637826671124],[-74.1572612286573,40.5625615409741],[-74.1649429830441,40.5601200184888],[-74.1698273142332,40.5610986421472],[-74.1696270692585,40.5682888852285],[-74.1698300929216,40.5708426712905],[-74.1523095430744,40.5805875284739],[-74.1502713108656,40.58273560618],[-74.1472763224969,40.585020448365],[-74.1476218988821,40.5850276958271],[-74.1463227963218,40.5860775242007],[-74.145421435779,40.5914752520527],[-74.1400237568686,40.5986047628758],[-74.1404637639346,40.603078210676],[-74.1430345833434,40.6037579715267],[-74.1471424574692,40.6055930651454],[-74.1475109949325,40.6060731172179],[-74.1472316999068,40.6082712530288],[-74.1435464784867,40.6076893845165],[-74.1287604749754,40.6085040260391],[-74.1213873657171,40.6099175425653],[-74.1213372965702,40.6096747307446],[-74.1156418032584,40.6111043369247],[-74.1134247756687,40.611017637726],[-74.1089874282957,40.6101331875859],[-74.0976615587751,40.6105159812442]]]}},{"type":"Feature","properties":{"name":"New Springville-Willowbrook-Bulls Head-Travis","borough":"Staten Island"},"geometry":{"type":"Polygon","coordinates":[[[-74.1536857641506,40.6123579136431],[-74.1499862588229,40.6095466489171],[-74.1472316999068,40.6082712530288],[-74.1475109949325,40.6060731172179],[-74.147142123499,40.6055928295241],[-74.1430345833434,40.6037579715267],[-74.1404637639346,40.603078210676],[-74.1400237568686,40.5986047628758],[-74.145421435779,40.5914752520527],[-74.1463227963218,40.5860775242007],[-74.1509005028211,40.5821710666539],[-74.1523095430744,40.5805875284739],[-74.1698300929216,40.5708426712905],[-74.1696249414817,40.5784372692107],[-74.1679644319725,40.5883122554543],[-74.165787903283,40.5907160306348],[-74.1634214128483,40.5924524625997],[-74.1636041732853,40.593382426593],[-74.1667386117626,40.5938382726762],[-74.1688651157725,40.5947363141646],[-74.1671978410156,40.6020835406425],[-74.1712171562376,40.6025103953699],[-74.1725625252807,40.602985994712],[-74.1749197817977,40.6022244556369],[-74.1782260689745,40.5998362891325],[-74.1795458990383,40.5967536262865],[-74.18650541694,40.5894474762464],[-74.1852720810279,40.589369334435],[-74.1847894346357,40.5890514838988],[-74.1846814157165,40.5885525257514],[-74.1853873544793,40.5876078790442],[-74.1878824648942,40.5866905030147],[-74.1907700230904,40.5851356931787],[-74.1913193346813,40.5857127139007],[-74.1933256972135,40.5850465062254],[-74.1942341142395,40.5851550316615],[-74.1980349440895,40.582886937645],[-74.1996513145988,40.5822708509993],[-74.2000820920398,40.5815627810131],[-74.1999685017789,40.5805762241011],[-74.2005855022665,40.5795192248247],[-74.2029515026089,40.5801102241912],[-74.2044135025384,40.5801782248261],[-74.2060299155356,40.5797724909154],[-74.2059940546107,40.5804186073302],[-74.2050828741067,40.5816076919588],[-74.2044022684835,40.5837211699399],[-74.2046354063391,40.5843314630108],[-74.2041209067738,40.5859037661149],[-74.2045821614237,40.5882258281564],[-74.2041224438714,40.5888625883163],[-74.2043245258746,40.5891448426392],[-74.204706803037,40.5887805959114],[-74.2044369884994,40.5892266224697],[-74.2046475939951,40.5892939706496],[-74.2038603698034,40.5902577507636],[-74.2038870089124,40.5897943350451],[-74.2020155591524,40.5909040242152],[-74.2030540532828,40.5911487679166],[-74.2020288430385,40.5910073054072],[-74.2018503306577,40.5916591841772],[-74.202317961636,40.5915321903056],[-74.1996968378656,40.5936225102005],[-74.1994849520573,40.5943291630235],[-74.1975150799264,40.5968072129474],[-74.1973076998877,40.5980677494064],[-74.1987610854887,40.6017202030076],[-74.2022200033118,40.6059779086643],[-74.2028177888764,40.6082790569432],[-74.2023032953261,40.6118838717406],[-74.2024452498097,40.6132929234025],[-74.2004547493094,40.616336227447],[-74.2009157374841,40.6178070533117],[-74.2003535435156,40.6183504290917],[-74.200841419645,40.6188125337203],[-74.2006822192596,40.6191766860396],[-74.2010714799988,40.6203897711869],[-74.2004295070289,40.6205036424762],[-74.2008748210784,40.6205993861836],[-74.2014339054806,40.6216208411111],[-74.2012768481452,40.6226965081459],[-74.2015470389485,40.6227062838753],[-74.2016335166954,40.6231297973897],[-74.2010781334381,40.6240865787294],[-74.2010623059732,40.6259034115035],[-74.2014182124437,40.6260787464142],[-74.2009877614801,40.6293523812823],[-74.200427243527,40.6298293992427],[-74.2004096334139,40.6302583345712],[-74.2007931996704,40.6303583576985],[-74.2004046221293,40.6303005961525],[-74.2001861272809,40.6313369030578],[-74.2003975234518,40.631470970494],[-74.2001741597658,40.6313693141314],[-74.1986239832688,40.6327457492819],[-74.1967868110502,40.6334004738902],[-74.1968801614649,40.633769621909],[-74.1963118165259,40.6340624663942],[-74.1962051001248,40.6346942846265],[-74.1898805537409,40.6313657642318],[-74.1867616952598,40.6299815933283],[-74.1865782652318,40.6301773529617],[-74.1858189866019,40.6298534029867],[-74.1818005742372,40.627853670153],[-74.1792964713381,40.6263752299326],[-74.1746625096499,40.6225172577925],[-74.1726615000962,40.6217672004757],[-74.1681245461716,40.621056263928],[-74.1631314864864,40.6188552146856],[-74.1589821871016,40.6163757571006],[-74.1536857641506,40.6123579136431]]]}},{"type":"Feature","properties":{"name":"Oakwood-Richmondtown","borough":"Staten Island"},"geometry":{"type":"Polygon","coordinates":[[[-74.1215387662048,40.5751614779116],[-74.1218548123106,40.5746614071229],[-74.1213619230547,40.5728349686215],[-74.1214468326508,40.5717838393534],[-74.1231364052489,40.5701150160422],[-74.1249005200293,40.5689573669435],[-74.1163648375797,40.5639238612922],[-74.1137630854298,40.5665054140138],[-74.1000969607547,40.5589616685236],[-74.1012450109982,40.5576690534188],[-74.1018478464529,40.5562252110808],[-74.1014066379725,40.5555467478453],[-74.1026522335604,40.5561426270416],[-74.1030998612026,40.5559128636466],[-74.1046609053926,40.5541286891011],[-74.1050905500371,40.5532436896114],[-74.1048459468351,40.5530340361244],[-74.1064296916788,40.5538615947939],[-74.1065650821039,40.5541951492841],[-74.1076877060772,40.5539848926303],[-74.1102860453349,40.5515045784946],[-74.1130119324933,40.5477882861839],[-74.1149435018229,40.5495968706535],[-74.116564373887,40.5491359626185],[-74.1194600666882,40.5522301269431],[-74.1273020552489,40.5573033947382],[-74.1304260738052,40.554445264012],[-74.1332115041265,40.5523920968255],[-74.1388524084151,40.5569594010163],[-74.1356144823212,40.558988248946],[-74.1348112132961,40.5608368412883],[-74.1334088809742,40.5621380280566],[-74.1317377085988,40.5645477425255],[-74.1352756523024,40.565525984581],[-74.1443889335064,40.5697143246296],[-74.1438760188819,40.5706148183469],[-74.1441873653921,40.5720456344325],[-74.1327858416373,40.573487318842],[-74.127736413952,40.575214849679],[-74.1270689485686,40.576413444556],[-74.1253542347613,40.575909268366],[-74.1231852836677,40.5757600787855],[-74.1220974970532,40.5751408126853],[-74.1215387662048,40.5751614779116]]]}},{"type":"Feature","properties":{"name":"Great Kills-Eltingville","borough":"Staten Island"},"geometry":{"type":"Polygon","coordinates":[[[-74.1469945178248,40.570494147088],[-74.1463487373583,40.5705264576466],[-74.1413138179125,40.5684415717548],[-74.1352756518689,40.5655259843728],[-74.1317377087406,40.5645477420999],[-74.1334088804359,40.5621380276576],[-74.1348112136549,40.5608368410444],[-74.1356144826573,40.5589882493369],[-74.1388524080623,40.556959401228],[-74.1331697389586,40.5523643992543],[-74.1386541392623,40.5484940371414],[-74.137113336149,40.5470317020058],[-74.1358586043826,40.5464599155473],[-74.1371813522549,40.5458010836317],[-74.1361168873775,40.5450280647508],[-74.1363852781762,40.5448628911272],[-74.1371943554439,40.5457925139815],[-74.1375098155965,40.5455857761594],[-74.1365905504773,40.5448537048873],[-74.1368749665786,40.5446908128001],[-74.1379511412675,40.5460085552777],[-74.1388709947955,40.5451384171973],[-74.1376257875951,40.5442617854088],[-74.1387568283324,40.5449421779697],[-74.1390211316227,40.5447237801069],[-74.1378694661935,40.5440607626772],[-74.1380449494798,40.5439127805863],[-74.1390345526429,40.5447131286209],[-74.1395408606375,40.5443033595246],[-74.1391468948495,40.5445177985807],[-74.1394221738867,40.544214162306],[-74.1389760222791,40.5443843203273],[-74.1392218099578,40.544074918118],[-74.1388771852299,40.5442517768163],[-74.1390789877408,40.5439683723143],[-74.1388360864364,40.5437995768073],[-74.1385872923186,40.5441128567979],[-74.138416839491,40.5439866453663],[-74.138824734196,40.5437922737421],[-74.1385414439048,40.5435961458776],[-74.1382811249735,40.543874912867],[-74.1383429935046,40.5435600461367],[-74.1385243093371,40.5434097689356],[-74.1395711979617,40.5442804933658],[-74.1398384595061,40.5440606806813],[-74.1387078041371,40.543299629855],[-74.138907845583,40.5431399963471],[-74.1387728830288,40.5432995512205],[-74.1396778860725,40.5438972141442],[-74.1398904551069,40.5437606901544],[-74.1398667533888,40.5440350622168],[-74.1403872124795,40.5440414034624],[-74.139221416252,40.5431743031186],[-74.1394095819537,40.5430248023667],[-74.1402972008671,40.5436486760925],[-74.1393628094755,40.5428340822504],[-74.1395382963327,40.5426903690556],[-74.1403078234982,40.5433753285045],[-74.140628636704,40.5431212482482],[-74.1396331716637,40.542549316552],[-74.1398600798382,40.5423653929669],[-74.1406476305323,40.5431024336625],[-74.1413257497571,40.5431023529674],[-74.1401665814545,40.5423744369438],[-74.1403367630813,40.5422364266381],[-74.1414122175314,40.5430306338049],[-74.1410804024602,40.5427993901022],[-74.1413369539751,40.5425970113699],[-74.1402643850434,40.5419697299799],[-74.1406814625685,40.5419168107798],[-74.1413504956569,40.5425857416995],[-74.1412959032497,40.5423440945039],[-74.1417986807983,40.5422086332008],[-74.1408959922592,40.5415793278044],[-74.1406413228306,40.5417027602548],[-74.14095964908,40.5414402963547],[-74.1418745611984,40.5421748759194],[-74.1416737441128,40.5423436820545],[-74.1422978040502,40.542266067379],[-74.1424781044167,40.5413419278599],[-74.1417780954856,40.5400966738034],[-74.1420060743188,40.5395761765955],[-74.141730408185,40.5393477019313],[-74.142304994048,40.53907819247],[-74.1417673596046,40.5385502590333],[-74.1422666112669,40.5381485712957],[-74.1418691040927,40.5384523080441],[-74.1421686618635,40.5379409785026],[-74.1410430599934,40.5373551014539],[-74.1412997355092,40.5371463954248],[-74.1421872299279,40.5379259941273],[-74.1423911187447,40.5377614769275],[-74.1415843570572,40.5370957952914],[-74.1438353386072,40.5371451289708],[-74.1447421805829,40.53580926075],[-74.1466979593364,40.5354225245822],[-74.1492188153813,40.5342498040028],[-74.1506970193677,40.5325540546255],[-74.1511217405563,40.5327495982565],[-74.152458093972,40.5320761591203],[-74.1538998010674,40.5306819884669],[-74.1546295635562,40.530362512241],[-74.1545450584557,40.5300703511301],[-74.1549304336181,40.5302336992152],[-74.1556493083351,40.5296512000488],[-74.155505057938,40.5294462423314],[-74.1559914885184,40.5294278176486],[-74.1564501666327,40.5289400565712],[-74.1561888044979,40.5286195862324],[-74.1570201045815,40.5289858709274],[-74.1582625175359,40.528308714581],[-74.1579738804755,40.5280753004497],[-74.1583279368954,40.5282866415472],[-74.1597028315794,40.5273042071191],[-74.1687304807757,40.5395344753803],[-74.169096845362,40.5410356494028],[-74.1807325189074,40.5466880327971],[-74.1794285287536,40.5483472746086],[-74.175655443978,40.5556977619371],[-74.1740892317142,40.5580842220222],[-74.1734947149895,40.5596826216175],[-74.1718531565254,40.5615291437894],[-74.1649429830531,40.5601200182046],[-74.1574128549402,40.5625067884501],[-74.1558523911748,40.5637826668187],[-74.1546659639153,40.565521665018],[-74.1479029073745,40.5708978045199],[-74.1469945178248,40.570494147088]]]}},{"type":"Feature","properties":{"name":"Arden Heights-Rossville","borough":"Staten Island"},"geometry":{"type":"Polygon","coordinates":[[[-74.1775818609368,40.5637636620271],[-74.1718531569691,40.5615291439051],[-74.1734947155786,40.5596826215141],[-74.1740892315021,40.5580842222446],[-74.1756554444783,40.5556977620938],[-74.1794285282561,40.5483472747085],[-74.1807325194038,40.5466880329537],[-74.187574970164,40.5501559010308],[-74.1893002546295,40.5483865201096],[-74.197309089941,40.5432702626273],[-74.2069916831386,40.5417548959407],[-74.2177904359132,40.5411336168628],[-74.2213171340195,40.5502612912875],[-74.2177852821054,40.5530574056328],[-74.2178786971893,40.5542516464359],[-74.2175373340562,40.5546120743798],[-74.2149205149966,40.5555536752179],[-74.2135032596512,40.5556758373784],[-74.2105093982961,40.5570724010178],[-74.2070003555523,40.5575757079733],[-74.2052019132453,40.5573404399236],[-74.2032301481317,40.5560893609802],[-74.2008859557142,40.5560228033106],[-74.1935306248677,40.5624338161313],[-74.1908849491951,40.5626377453105],[-74.1894790436172,40.5635892123479],[-74.1852554557413,40.5645575762254],[-74.1836252047803,40.565376486041],[-74.1818096616441,40.5653928006592],[-74.1775818609368,40.5637636620271]]]}},{"type":"Feature","properties":{"name":"Annadale-Huguenot-Prince's Bay-Woodrow","borough":"Staten Island"},"geometry":{"type":"Polygon","coordinates":[[[-74.1807325194038,40.5466880329537],[-74.1690968451904,40.5410356495501],[-74.1687304805712,40.5395344757676],[-74.1598842559975,40.5273775727486],[-74.1603424604303,40.5275580422371],[-74.1615836612693,40.5270216922361],[-74.1622734483518,40.5272024762765],[-74.1699986010978,40.5230539858354],[-74.1712883105941,40.523465981061],[-74.172698162971,40.5229769487966],[-74.1760139460645,40.5208841755737],[-74.1775844468986,40.5192390797344],[-74.1783078320783,40.5199490418556],[-74.179243214952,40.5199917879],[-74.1798116619567,40.5205605502536],[-74.1810534203405,40.5206714670663],[-74.1848326587973,40.5193495712361],[-74.1885002110909,40.5163209379608],[-74.1892702507492,40.5153531885653],[-74.1888492086117,40.5150920608981],[-74.1897136802987,40.5153285897042],[-74.1940979337963,40.5106494524572],[-74.19521489674,40.5099858628808],[-74.1965119406637,40.5099353034818],[-74.1985753727801,40.5111894687855],[-74.1996928508013,40.5114508187439],[-74.2000584144808,40.5126349506198],[-74.1989272260443,40.5127855168463],[-74.1990745691246,40.5130920949375],[-74.2008304812712,40.5130389147893],[-74.2081536254856,40.5116674703202],[-74.2096893953963,40.5108055789195],[-74.2093235052661,40.5104068389107],[-74.2097152434862,40.5107859123127],[-74.2100838299959,40.5104757941255],[-74.2135328104203,40.5064056858039],[-74.2143440039473,40.5065271198587],[-74.215693161729,40.5055950422532],[-74.2175490537812,40.5033682573289],[-74.2218429486757,40.5025466248803],[-74.2220865035197,40.5042802092723],[-74.2231175042281,40.5048522079249],[-74.2229175037014,40.5072352086656],[-74.2232173290058,40.5086668194939],[-74.226579118412,40.5172788604007],[-74.2267247950967,40.5191715312118],[-74.2256813345145,40.5185700409576],[-74.2237974643114,40.5182045564649],[-74.2249991654266,40.5204688722898],[-74.2239860644417,40.5228777323372],[-74.2248225123788,40.5230015219449],[-74.2239892639348,40.5232760584508],[-74.2235956334006,40.5263141374323],[-74.2245682745265,40.5370294570698],[-74.2244766489629,40.5389162808728],[-74.223429018515,40.5436125477097],[-74.2221427011384,40.5463396288936],[-74.2206468675792,40.5485997262989],[-74.2177904359132,40.5411336168628],[-74.2069916831386,40.5417548959407],[-74.197309089941,40.5432702626273],[-74.1893002546295,40.5483865201096],[-74.187574970164,40.5501559010308],[-74.1807325194038,40.5466880329537]]]}},{"type":"Feature","properties":{"name":"Tottenville-Charleston","borough":"Staten Island"},"geometry":{"type":"Polygon","coordinates":[[[-74.2132418199512,40.5566808427191],[-74.2056975529768,40.5585242243308],[-74.2070003559149,40.5575757083031],[-74.2105093986131,40.5570724013082],[-74.2135032594682,40.555675837011],[-74.2150949017223,40.5555071508258],[-74.2177350886471,40.5544653876775],[-74.217785282213,40.5530574054344],[-74.2213171334512,40.5502612908926],[-74.2206468680679,40.5485997261171],[-74.2231312442621,40.5443322061427],[-74.224323678061,40.5401727209426],[-74.224568274667,40.5370294568659],[-74.2235956334916,40.5263141375703],[-74.2239892634392,40.5232760583718],[-74.2248225122255,40.5230015215858],[-74.2239860641665,40.5228777325734],[-74.2249991655852,40.5204688719142],[-74.2237974638401,40.5182045560927],[-74.2256813350151,40.5185700413735],[-74.2267247949514,40.5191715312613],[-74.2266961225374,40.5185569371699],[-74.2265791186073,40.5172788606298],[-74.2232173292334,40.5086668196276],[-74.2229175041508,40.5072352083914],[-74.2231175040332,40.5048522080759],[-74.2220865035593,40.5042802094407],[-74.221842948119,40.5025466248943],[-74.2230480835097,40.5024863863361],[-74.2250720837854,40.5017728524262],[-74.2272956420722,40.5023057068196],[-74.2312459407413,40.5018350682927],[-74.2367899658185,40.5000090420416],[-74.2376692138122,40.4991314611301],[-74.238514726175,40.498904281665],[-74.2398500229281,40.4975912186589],[-74.2443294946509,40.4975549463612],[-74.2467625397956,40.4961421930931],[-74.2496437086065,40.4968461604126],[-74.2508564079241,40.4980143688566],[-74.2511056287986,40.49894240276],[-74.2531627591661,40.5001335824585],[-74.2547217913741,40.5029734069019],[-74.2553442629078,40.5043106053289],[-74.2555333740943,40.5078694362276],[-74.2546300826449,40.5086830332926],[-74.254974418931,40.5088138700065],[-74.2539990465771,40.5089785223616],[-74.2543160575218,40.509421902914],[-74.2536906338956,40.5094338044501],[-74.2545277327819,40.509981223042],[-74.2536496405965,40.5094787380048],[-74.2533173128013,40.5098697126207],[-74.2532595846978,40.5110968973072],[-74.2530099869278,40.5112021978177],[-74.2535283661424,40.5116859746591],[-74.2530378689276,40.511441369231],[-74.2530910238824,40.5121301696199],[-74.2519534897445,40.5130052104478],[-74.2521274290248,40.5137185880677],[-74.2501132251615,40.5150530287171],[-74.250556778384,40.515724551132],[-74.2501577803521,40.5153693976893],[-74.2498897631993,40.5155297540218],[-74.2505615879581,40.5161149494246],[-74.2492168011793,40.5150930702923],[-74.2499431027177,40.5161456976145],[-74.2494324838522,40.5156960954818],[-74.2486491602484,40.5161208373962],[-74.2487610968796,40.5163644302329],[-74.2485474075467,40.5161781263308],[-74.2482857352528,40.5164951587062],[-74.2489477609031,40.5172027490516],[-74.2494092220928,40.516989039675],[-74.2485160045187,40.5174838358263],[-74.2489206198531,40.5172166436961],[-74.247519631593,40.5157440735814],[-74.2469319933519,40.516074664068],[-74.2464419097884,40.5159732367965],[-74.246130089758,40.5161456023107],[-74.2467514849623,40.5165038227879],[-74.2465119166248,40.5166780646793],[-74.2469970841198,40.5171902945049],[-74.2464805110558,40.5166955367156],[-74.2465383418396,40.5169681702704],[-74.2463512117976,40.5167615810891],[-74.2452101281216,40.5172979528872],[-74.2456362454252,40.5180837909197],[-74.2442998649085,40.5185232129919],[-74.2423262907399,40.5183347349141],[-74.2410327415175,40.5195507229751],[-74.2404922089543,40.5191998387809],[-74.2398240943667,40.5200989221192],[-74.2411744473908,40.5210683422888],[-74.2429338629334,40.5212353711921],[-74.2425852687593,40.5222068593812],[-74.2428030822436,40.5240155079798],[-74.2433594397612,40.5248271237326],[-74.2439665203148,40.5249135766308],[-74.2433403518559,40.5258620174602],[-74.2422467943783,40.5298309917312],[-74.2415088459396,40.5310495552211],[-74.2418121292952,40.5325708884822],[-74.2421795096137,40.5325843514884],[-74.2420472155394,40.534354590241],[-74.2441264741832,40.5362045091553],[-74.2441493399473,40.5368896232365],[-74.2449384456931,40.5366720897162],[-74.2453380263888,40.536914208837],[-74.2444290035438,40.5380246472341],[-74.2453952765971,40.5395598886261],[-74.2456035718885,40.5409578090498],[-74.2464876627716,40.5422216068459],[-74.2476792961741,40.5431336179274],[-74.2480361525805,40.5431014551219],[-74.2461389527443,40.5457046622771],[-74.2433649802026,40.5478733513355],[-74.2435859907793,40.547632206139],[-74.2422046985483,40.5469568927014],[-74.2403933414892,40.547671526138],[-74.2383734258998,40.5491497829405],[-74.2376211472344,40.5501316849803],[-74.2364161091074,40.5505164407379],[-74.2361662440708,40.5514376411429],[-74.2364011330456,40.5523435499542],[-74.2349001699062,40.5530134342401],[-74.2333255127899,40.5525173601382],[-74.2322926394383,40.5533719150312],[-74.2307118724204,40.5555658120469],[-74.2293210524247,40.5554998053106],[-74.2290531321282,40.5561152996336],[-74.2283336536191,40.5563985718276],[-74.2274383368558,40.5560467511245],[-74.2264064550402,40.5562639308988],[-74.2234441600175,40.5560547879575],[-74.2237875763232,40.5558884849938],[-74.2225763759834,40.5554144273841],[-74.2215715737605,40.5556572006227],[-74.2213001540212,40.555374442752],[-74.2208686585086,40.5559484204675],[-74.2202986253991,40.5556061391425],[-74.2197450764274,40.554620889884],[-74.219082116215,40.5548552206024],[-74.2192186714136,40.5558051882501],[-74.2189598331551,40.5548658008885],[-74.2185947652198,40.5546824282215],[-74.2187518757345,40.5560359590357],[-74.2177549306174,40.5550135029257],[-74.2147420372537,40.5562506078311],[-74.2149940758519,40.5568031509857],[-74.2146249102828,40.556921580195],[-74.2137661786254,40.5564051625399],[-74.2132418199512,40.5566808427191]]]}}]}